customer_id,similar_customer_id,cosine_similarity,common_products,customer_purchase_count,similar_customer_purchase_count
4cba4382020c8e217faee72173ecb0fc,fdc58370af81e72cd02ee17ff0e3164d,1.0,3,3,3
0f8758e5b1c6c6b2156a9dddce128558,94b9a50e7c20bb52bb4e7d4f174fc3b6,1.0,3,3,3
0f8758e5b1c6c6b2156a9dddce128558,98ac019a5eae363963d9b119e5e080ae,1.0,3,3,3
94b9a50e7c20bb52bb4e7d4f174fc3b6,98ac019a5eae363963d9b119e5e080ae,1.0,3,3,3
894fa561f54fa10de0bc4db8b581947e,ff3f73a459eaabfa22e12955b7415112,1.0,3,3,3
aeb60b971e54df6473d586ada758ca72,fb8038205a1b4f9a90cb981e074e9be2,1.0,2,5,5
3d5ff67987bbd3820ca1cf5e7a468131,7101512429309e75acf4faaee55e5af0,1.0,2,6,2
0ddba04798f1c085d0ca93af0e91f6c1,a4669a28dd126c93ca64ddf49a15e496,1.0,2,2,6
200d8b1f16d0cc9600022fdc99987a7f,a4669a28dd126c93ca64ddf49a15e496,1.0,2,2,6
210bec49b9e200df48dd3f31310d606e,a4669a28dd126c93ca64ddf49a15e496,1.0,2,2,6
237dfb57ee5ac9e68310bfd4bd816149,a4669a28dd126c93ca64ddf49a15e496,1.0,2,2,6
2708339a3f5355f56983737d54fbce59,a4669a28dd126c93ca64ddf49a15e496,1.0,2,2,6
2c03431d52e6ae4479a2a2310fb2e481,a4669a28dd126c93ca64ddf49a15e496,1.0,2,2,6
3578707d5fbfaaad05a3862a179bf76d,a4669a28dd126c93ca64ddf49a15e496,1.0,2,2,6
399699e87adec3391203291418de34d1,a4669a28dd126c93ca64ddf49a15e496,1.0,2,2,6
3af5f7534be6d2d2d81562ee1dc98af2,a4669a28dd126c93ca64ddf49a15e496,1.0,2,2,6
3e5dd5efb71f831fffee3735c9e41e87,a4669a28dd126c93ca64ddf49a15e496,1.0,2,2,6
4279e2fb7de9c27f439fdb82e4f1281f,a4669a28dd126c93ca64ddf49a15e496,1.0,2,2,6
4e32c2752aeaa8d8b99da2b145a1c826,a4669a28dd126c93ca64ddf49a15e496,1.0,2,2,6
4f4a4c713a7892d9db23f694fc647d13,a4669a28dd126c93ca64ddf49a15e496,1.0,2,2,6
5261961eeb22ad480eafeb8829cddacf,a4669a28dd126c93ca64ddf49a15e496,1.0,2,2,6
5dda09ed137461608be539348c1dac39,a4669a28dd126c93ca64ddf49a15e496,1.0,2,2,6
65942a39d31e4aa627f0f65e0298ba2f,a4669a28dd126c93ca64ddf49a15e496,1.0,2,2,6
698a9cafcc15cac8cdbaee64adc6efbe,a4669a28dd126c93ca64ddf49a15e496,1.0,2,2,6
6d9cdc2c73e65c443351811fb9039bfa,a4669a28dd126c93ca64ddf49a15e496,1.0,2,2,6
6ff4f4fcdadf8410fcae5bad48d7044d,a4669a28dd126c93ca64ddf49a15e496,1.0,2,2,6
8418b8ecfc9702b5eacddc5e75a4dcca,a4669a28dd126c93ca64ddf49a15e496,1.0,2,2,6
87a305c45891600e0244ee26c0bf1fa9,a4669a28dd126c93ca64ddf49a15e496,1.0,2,2,6
90c312d2299d36c16bbaa3d717b3dfba,a4669a28dd126c93ca64ddf49a15e496,1.0,2,2,6
91da289fa4deba62c108246d150a8f4e,a4669a28dd126c93ca64ddf49a15e496,1.0,2,2,6
97ba9c6276256eca910e8d36e78abfa8,a4669a28dd126c93ca64ddf49a15e496,1.0,2,2,6
a231b02134665d0d59438a0008e6e082,a4669a28dd126c93ca64ddf49a15e496,1.0,2,2,6
a4669a28dd126c93ca64ddf49a15e496,a57efc75b64a030eb02c4ebe7f48e45f,1.0,2,6,2
a4669a28dd126c93ca64ddf49a15e496,a8953e3d7677addada63eee79b91e7ff,1.0,2,6,2
a4669a28dd126c93ca64ddf49a15e496,aab579a39b1b5c223c2e1a4bbf8ff977,1.0,2,6,2
a4669a28dd126c93ca64ddf49a15e496,aebd72416330dcdb02e8d478fd81c9f6,1.0,2,6,2
a4669a28dd126c93ca64ddf49a15e496,b0b219d68cb80e8440a7fccd3dab3851,1.0,2,6,2
a4669a28dd126c93ca64ddf49a15e496,b84dbaedbe3ea55d7cc0894fbea73910,1.0,2,6,2
a4669a28dd126c93ca64ddf49a15e496,bd6c1c99a4f6c28c98927351eb226e80,1.0,2,6,2
a4669a28dd126c93ca64ddf49a15e496,be4eb163762cf164f26f81021c4a5e97,1.0,2,6,2
a4669a28dd126c93ca64ddf49a15e496,bf257f507db19138f5bc4065313c1f87,1.0,2,6,2
a4669a28dd126c93ca64ddf49a15e496,c4ba227e9593faaf28a4ea8e5ec6c93f,1.0,2,6,2
a4669a28dd126c93ca64ddf49a15e496,cf4935767b14a8312de405de5d5bbdb5,1.0,2,6,2
a4669a28dd126c93ca64ddf49a15e496,dfbebe96520c2a101d602c7d003764ba,1.0,2,6,2
a4669a28dd126c93ca64ddf49a15e496,e225b3c270984a8097a136089a11aea9,1.0,2,6,2
a4669a28dd126c93ca64ddf49a15e496,e301216623168d227eb0b0a3aabb1e62,1.0,2,6,2
a4669a28dd126c93ca64ddf49a15e496,e8b4b9cf7e6a2e6e13371f3439a4a1ba,1.0,2,6,2
a4669a28dd126c93ca64ddf49a15e496,ea77749bef0ca28ab93f391cda660f71,1.0,2,6,2
a4669a28dd126c93ca64ddf49a15e496,f64075e7fa628bdc6c3e7c3108d7c624,1.0,2,6,2
5a6b37816cefa8497b74b1ef78dbb202,88a830a14a479075c655c2f9d3ba3934,1.0,2,2,6
88a830a14a479075c655c2f9d3ba3934,9ccfff93c79f3dd996cce15f26480c5b,1.0,2,6,2
88a830a14a479075c655c2f9d3ba3934,a3c776e946f1056964f85942ce783c40,1.0,2,6,2
88a830a14a479075c655c2f9d3ba3934,c7b577de54cb78d5d8f60f78f0476a52,1.0,2,6,2
88a830a14a479075c655c2f9d3ba3934,fe1a0586d9ca0876528af23f3219ce3b,1.0,2,6,2
3729f8f3dacbb68f393d2d6ad2b3dc91,ab6a9070b1a32a6ded0bf6410399ab55,1.0,2,2,6
ab6a9070b1a32a6ded0bf6410399ab55,c7b4749501147c8b69fd551ac98b3a6e,1.0,2,6,2
ab6a9070b1a32a6ded0bf6410399ab55,e03684ee60e4f8113ddbe25a1a33d4a3,1.0,2,6,2
1e51a6a24372a8bedea3519f13f80e91,96b482d81d31251add90a9fe63fbbcec,1.0,2,3,3
1e51a6a24372a8bedea3519f13f80e91,c4a5dbcdc7c33758cf5efff999c6203c,1.0,2,3,3
1e51a6a24372a8bedea3519f13f80e91,ca505f00e361296c5d92e01d245671e6,1.0,2,3,3
70115d0e9a0d564ff0bb0315ccaae0eb,83476105a4e9a12fcddd09081dc6cefe,1.0,2,2,4
83476105a4e9a12fcddd09081dc6cefe,a58c3fb6af3c545575b2d93dd050aec9,1.0,2,4,2
96b482d81d31251add90a9fe63fbbcec,c4a5dbcdc7c33758cf5efff999c6203c,1.0,2,3,3
96b482d81d31251add90a9fe63fbbcec,ca505f00e361296c5d92e01d245671e6,1.0,2,3,3
c4a5dbcdc7c33758cf5efff999c6203c,ca505f00e361296c5d92e01d245671e6,1.0,2,3,3
7a5a23b53277ee5e9d10a9d4b6a3b462,9099c659f8cd764e87a1482d258fcec9,1.0,2,2,4
284e36d78d3a3a395cae7fe335fc8371,65290fc39fc326193c8a5b9c71aee62f,1.0,2,4,2
81db097ffce4bd958cfffeca7c41e301,d792207a143bca423ba1685b30e34557,1.0,2,3,3
5733010674adc0076bd5d41eb3703955,b4da3c8deec3e1c31023d39ba20bb40e,1.0,2,3,3
7228928ea2429a6e7ccd7efd24789266,763537fbd8173d949ea5b3da1d1461b7,1.0,2,3,3
89468b8994a62cb344e62ab6981a6451,af4a0bb895d2c8c821bd955648aca24e,1.0,2,4,2
2de521d3fd097acfbd5bed9c7b9ed0d0,58b9df3491d94885a911b85e507c75d1,1.0,2,2,2
7b0c9f0a6a8fa1274c38050fc3f57c8d,e53454696deadacfdbaffb91e29b1ca9,1.0,2,2,2
2b5c14b7e1a3d88ff7e0c46e15851f5f,46f15c2526277c2f9cfa6b239dfb11b3,1.0,2,2,2
2b5c14b7e1a3d88ff7e0c46e15851f5f,65d7c0904b51f5b432e71a14b25121dc,1.0,2,2,2
2b5c14b7e1a3d88ff7e0c46e15851f5f,6e6fdec52c6dbf58721bf7a4eaf5b679,1.0,2,2,2
2b5c14b7e1a3d88ff7e0c46e15851f5f,7973a6ba9c81ecaeb3d628c33c7c7c48,1.0,2,2,2
2b5c14b7e1a3d88ff7e0c46e15851f5f,7b32049d8495d56c8b27eae575921a60,1.0,2,2,2
2b5c14b7e1a3d88ff7e0c46e15851f5f,b65b4e0ccf23f096b3eb8bce350a400a,1.0,2,2,2
2b5c14b7e1a3d88ff7e0c46e15851f5f,d7c6bdf20c4ec9c9cda815dde58e778a,1.0,2,2,2
2b5c14b7e1a3d88ff7e0c46e15851f5f,df9bd60da4a8f8945d2b862aebd3d418,1.0,2,2,2
2b5c14b7e1a3d88ff7e0c46e15851f5f,e8fee231a8a4901e2b0b5a2324eb1405,1.0,2,2,2
2b5c14b7e1a3d88ff7e0c46e15851f5f,fda3a3eb3370c1295a4fc3f6cd3d7604,1.0,2,2,2
46f15c2526277c2f9cfa6b239dfb11b3,65d7c0904b51f5b432e71a14b25121dc,1.0,2,2,2
46f15c2526277c2f9cfa6b239dfb11b3,6e6fdec52c6dbf58721bf7a4eaf5b679,1.0,2,2,2
46f15c2526277c2f9cfa6b239dfb11b3,7973a6ba9c81ecaeb3d628c33c7c7c48,1.0,2,2,2
46f15c2526277c2f9cfa6b239dfb11b3,7b32049d8495d56c8b27eae575921a60,1.0,2,2,2
46f15c2526277c2f9cfa6b239dfb11b3,b65b4e0ccf23f096b3eb8bce350a400a,1.0,2,2,2
46f15c2526277c2f9cfa6b239dfb11b3,d7c6bdf20c4ec9c9cda815dde58e778a,1.0,2,2,2
46f15c2526277c2f9cfa6b239dfb11b3,df9bd60da4a8f8945d2b862aebd3d418,1.0,2,2,2
46f15c2526277c2f9cfa6b239dfb11b3,e8fee231a8a4901e2b0b5a2324eb1405,1.0,2,2,2
46f15c2526277c2f9cfa6b239dfb11b3,fda3a3eb3370c1295a4fc3f6cd3d7604,1.0,2,2,2
65d7c0904b51f5b432e71a14b25121dc,6e6fdec52c6dbf58721bf7a4eaf5b679,1.0,2,2,2
65d7c0904b51f5b432e71a14b25121dc,7973a6ba9c81ecaeb3d628c33c7c7c48,1.0,2,2,2
65d7c0904b51f5b432e71a14b25121dc,7b32049d8495d56c8b27eae575921a60,1.0,2,2,2
65d7c0904b51f5b432e71a14b25121dc,b65b4e0ccf23f096b3eb8bce350a400a,1.0,2,2,2
65d7c0904b51f5b432e71a14b25121dc,d7c6bdf20c4ec9c9cda815dde58e778a,1.0,2,2,2
65d7c0904b51f5b432e71a14b25121dc,df9bd60da4a8f8945d2b862aebd3d418,1.0,2,2,2
65d7c0904b51f5b432e71a14b25121dc,e8fee231a8a4901e2b0b5a2324eb1405,1.0,2,2,2
65d7c0904b51f5b432e71a14b25121dc,fda3a3eb3370c1295a4fc3f6cd3d7604,1.0,2,2,2
6a64e2cf94a5779760698c1e25a2852a,ae52fa61f27bd494a25bc4c101fa29d0,1.0,2,2,2
6a64e2cf94a5779760698c1e25a2852a,e8569c57efe3adf347b3e92ec04d1f91,1.0,2,2,2
6a64e2cf94a5779760698c1e25a2852a,fa0cf5b25732a933725b83d2f716000a,1.0,2,2,2
6e6fdec52c6dbf58721bf7a4eaf5b679,7973a6ba9c81ecaeb3d628c33c7c7c48,1.0,2,2,2
6e6fdec52c6dbf58721bf7a4eaf5b679,7b32049d8495d56c8b27eae575921a60,1.0,2,2,2
6e6fdec52c6dbf58721bf7a4eaf5b679,b65b4e0ccf23f096b3eb8bce350a400a,1.0,2,2,2
6e6fdec52c6dbf58721bf7a4eaf5b679,d7c6bdf20c4ec9c9cda815dde58e778a,1.0,2,2,2
6e6fdec52c6dbf58721bf7a4eaf5b679,df9bd60da4a8f8945d2b862aebd3d418,1.0,2,2,2
6e6fdec52c6dbf58721bf7a4eaf5b679,e8fee231a8a4901e2b0b5a2324eb1405,1.0,2,2,2
6e6fdec52c6dbf58721bf7a4eaf5b679,fda3a3eb3370c1295a4fc3f6cd3d7604,1.0,2,2,2
7973a6ba9c81ecaeb3d628c33c7c7c48,7b32049d8495d56c8b27eae575921a60,1.0,2,2,2
7973a6ba9c81ecaeb3d628c33c7c7c48,b65b4e0ccf23f096b3eb8bce350a400a,1.0,2,2,2
7973a6ba9c81ecaeb3d628c33c7c7c48,d7c6bdf20c4ec9c9cda815dde58e778a,1.0,2,2,2
7973a6ba9c81ecaeb3d628c33c7c7c48,df9bd60da4a8f8945d2b862aebd3d418,1.0,2,2,2
7973a6ba9c81ecaeb3d628c33c7c7c48,e8fee231a8a4901e2b0b5a2324eb1405,1.0,2,2,2
7973a6ba9c81ecaeb3d628c33c7c7c48,fda3a3eb3370c1295a4fc3f6cd3d7604,1.0,2,2,2
7b32049d8495d56c8b27eae575921a60,b65b4e0ccf23f096b3eb8bce350a400a,1.0,2,2,2
7b32049d8495d56c8b27eae575921a60,d7c6bdf20c4ec9c9cda815dde58e778a,1.0,2,2,2
7b32049d8495d56c8b27eae575921a60,df9bd60da4a8f8945d2b862aebd3d418,1.0,2,2,2
7b32049d8495d56c8b27eae575921a60,e8fee231a8a4901e2b0b5a2324eb1405,1.0,2,2,2
7b32049d8495d56c8b27eae575921a60,fda3a3eb3370c1295a4fc3f6cd3d7604,1.0,2,2,2
ae52fa61f27bd494a25bc4c101fa29d0,e8569c57efe3adf347b3e92ec04d1f91,1.0,2,2,2
ae52fa61f27bd494a25bc4c101fa29d0,fa0cf5b25732a933725b83d2f716000a,1.0,2,2,2
b65b4e0ccf23f096b3eb8bce350a400a,d7c6bdf20c4ec9c9cda815dde58e778a,1.0,2,2,2
b65b4e0ccf23f096b3eb8bce350a400a,df9bd60da4a8f8945d2b862aebd3d418,1.0,2,2,2
b65b4e0ccf23f096b3eb8bce350a400a,e8fee231a8a4901e2b0b5a2324eb1405,1.0,2,2,2
b65b4e0ccf23f096b3eb8bce350a400a,fda3a3eb3370c1295a4fc3f6cd3d7604,1.0,2,2,2
d7c6bdf20c4ec9c9cda815dde58e778a,df9bd60da4a8f8945d2b862aebd3d418,1.0,2,2,2
d7c6bdf20c4ec9c9cda815dde58e778a,e8fee231a8a4901e2b0b5a2324eb1405,1.0,2,2,2
d7c6bdf20c4ec9c9cda815dde58e778a,fda3a3eb3370c1295a4fc3f6cd3d7604,1.0,2,2,2
df9bd60da4a8f8945d2b862aebd3d418,e8fee231a8a4901e2b0b5a2324eb1405,1.0,2,2,2
df9bd60da4a8f8945d2b862aebd3d418,fda3a3eb3370c1295a4fc3f6cd3d7604,1.0,2,2,2
e8569c57efe3adf347b3e92ec04d1f91,fa0cf5b25732a933725b83d2f716000a,1.0,2,2,2
e8fee231a8a4901e2b0b5a2324eb1405,fda3a3eb3370c1295a4fc3f6cd3d7604,1.0,2,2,2
06f289b98b5b10b7d7692548624cb616,1803287d1e7138aec6ea9d3c963ed87d,1.0,2,2,2
06f289b98b5b10b7d7692548624cb616,39ae2ab725be4a0db66896735a49dac7,1.0,2,2,2
06f289b98b5b10b7d7692548624cb616,70755e5b9df5988f592f3dec6279f1be,1.0,2,2,2
06f289b98b5b10b7d7692548624cb616,75bbb6b481a1df1689bb769e63ec3acb,1.0,2,2,2
06f289b98b5b10b7d7692548624cb616,78c5f76b60a3a2588635aadc70e34df7,1.0,2,2,2
06f289b98b5b10b7d7692548624cb616,8ef9add628931053f28350c0ad4bc7f7,1.0,2,2,2
06f289b98b5b10b7d7692548624cb616,92fc4892f11581ee802e8e2fa4296433,1.0,2,2,2
06f289b98b5b10b7d7692548624cb616,e0ec2e3c3f6e06839e8fb986be65c7c5,1.0,2,2,2
06f289b98b5b10b7d7692548624cb616,e5b6fb6c5e7e4adc25a5e400c0104508,1.0,2,2,2
06f289b98b5b10b7d7692548624cb616,e89bab624ed1d8c75012bf52bacc654c,1.0,2,2,2
06f289b98b5b10b7d7692548624cb616,ec99f30f38afadbfbae32d5883734ded,1.0,2,2,2
06f289b98b5b10b7d7692548624cb616,ee9d97a7d28183a3d93aefb807e48524,1.0,2,2,2
06f289b98b5b10b7d7692548624cb616,eed42da7ee2f3ce26ab52758e63d855f,1.0,2,2,2
06f289b98b5b10b7d7692548624cb616,ef3e32f1b8658891add797672f995cc5,1.0,2,2,2
06f289b98b5b10b7d7692548624cb616,fb5e89c121d9569d1a58e0afb54da971,1.0,2,2,2
1803287d1e7138aec6ea9d3c963ed87d,39ae2ab725be4a0db66896735a49dac7,1.0,2,2,2
1803287d1e7138aec6ea9d3c963ed87d,70755e5b9df5988f592f3dec6279f1be,1.0,2,2,2
1803287d1e7138aec6ea9d3c963ed87d,75bbb6b481a1df1689bb769e63ec3acb,1.0,2,2,2
1803287d1e7138aec6ea9d3c963ed87d,78c5f76b60a3a2588635aadc70e34df7,1.0,2,2,2
1803287d1e7138aec6ea9d3c963ed87d,8ef9add628931053f28350c0ad4bc7f7,1.0,2,2,2
1803287d1e7138aec6ea9d3c963ed87d,92fc4892f11581ee802e8e2fa4296433,1.0,2,2,2
1803287d1e7138aec6ea9d3c963ed87d,e0ec2e3c3f6e06839e8fb986be65c7c5,1.0,2,2,2
1803287d1e7138aec6ea9d3c963ed87d,e5b6fb6c5e7e4adc25a5e400c0104508,1.0,2,2,2
1803287d1e7138aec6ea9d3c963ed87d,e89bab624ed1d8c75012bf52bacc654c,1.0,2,2,2
1803287d1e7138aec6ea9d3c963ed87d,ec99f30f38afadbfbae32d5883734ded,1.0,2,2,2
1803287d1e7138aec6ea9d3c963ed87d,ee9d97a7d28183a3d93aefb807e48524,1.0,2,2,2
1803287d1e7138aec6ea9d3c963ed87d,eed42da7ee2f3ce26ab52758e63d855f,1.0,2,2,2
1803287d1e7138aec6ea9d3c963ed87d,ef3e32f1b8658891add797672f995cc5,1.0,2,2,2
1803287d1e7138aec6ea9d3c963ed87d,fb5e89c121d9569d1a58e0afb54da971,1.0,2,2,2
39ae2ab725be4a0db66896735a49dac7,70755e5b9df5988f592f3dec6279f1be,1.0,2,2,2
39ae2ab725be4a0db66896735a49dac7,75bbb6b481a1df1689bb769e63ec3acb,1.0,2,2,2
39ae2ab725be4a0db66896735a49dac7,78c5f76b60a3a2588635aadc70e34df7,1.0,2,2,2
39ae2ab725be4a0db66896735a49dac7,8ef9add628931053f28350c0ad4bc7f7,1.0,2,2,2
39ae2ab725be4a0db66896735a49dac7,92fc4892f11581ee802e8e2fa4296433,1.0,2,2,2
39ae2ab725be4a0db66896735a49dac7,e0ec2e3c3f6e06839e8fb986be65c7c5,1.0,2,2,2
39ae2ab725be4a0db66896735a49dac7,e5b6fb6c5e7e4adc25a5e400c0104508,1.0,2,2,2
39ae2ab725be4a0db66896735a49dac7,e89bab624ed1d8c75012bf52bacc654c,1.0,2,2,2
39ae2ab725be4a0db66896735a49dac7,ec99f30f38afadbfbae32d5883734ded,1.0,2,2,2
39ae2ab725be4a0db66896735a49dac7,ee9d97a7d28183a3d93aefb807e48524,1.0,2,2,2
39ae2ab725be4a0db66896735a49dac7,eed42da7ee2f3ce26ab52758e63d855f,1.0,2,2,2
39ae2ab725be4a0db66896735a49dac7,ef3e32f1b8658891add797672f995cc5,1.0,2,2,2
39ae2ab725be4a0db66896735a49dac7,fb5e89c121d9569d1a58e0afb54da971,1.0,2,2,2
70755e5b9df5988f592f3dec6279f1be,75bbb6b481a1df1689bb769e63ec3acb,1.0,2,2,2
70755e5b9df5988f592f3dec6279f1be,78c5f76b60a3a2588635aadc70e34df7,1.0,2,2,2
70755e5b9df5988f592f3dec6279f1be,8ef9add628931053f28350c0ad4bc7f7,1.0,2,2,2
70755e5b9df5988f592f3dec6279f1be,92fc4892f11581ee802e8e2fa4296433,1.0,2,2,2
70755e5b9df5988f592f3dec6279f1be,e0ec2e3c3f6e06839e8fb986be65c7c5,1.0,2,2,2
70755e5b9df5988f592f3dec6279f1be,e5b6fb6c5e7e4adc25a5e400c0104508,1.0,2,2,2
70755e5b9df5988f592f3dec6279f1be,e89bab624ed1d8c75012bf52bacc654c,1.0,2,2,2
70755e5b9df5988f592f3dec6279f1be,ec99f30f38afadbfbae32d5883734ded,1.0,2,2,2
70755e5b9df5988f592f3dec6279f1be,ee9d97a7d28183a3d93aefb807e48524,1.0,2,2,2
70755e5b9df5988f592f3dec6279f1be,eed42da7ee2f3ce26ab52758e63d855f,1.0,2,2,2
70755e5b9df5988f592f3dec6279f1be,ef3e32f1b8658891add797672f995cc5,1.0,2,2,2
70755e5b9df5988f592f3dec6279f1be,fb5e89c121d9569d1a58e0afb54da971,1.0,2,2,2
75bbb6b481a1df1689bb769e63ec3acb,78c5f76b60a3a2588635aadc70e34df7,1.0,2,2,2
75bbb6b481a1df1689bb769e63ec3acb,8ef9add628931053f28350c0ad4bc7f7,1.0,2,2,2
75bbb6b481a1df1689bb769e63ec3acb,92fc4892f11581ee802e8e2fa4296433,1.0,2,2,2
75bbb6b481a1df1689bb769e63ec3acb,e0ec2e3c3f6e06839e8fb986be65c7c5,1.0,2,2,2
75bbb6b481a1df1689bb769e63ec3acb,e5b6fb6c5e7e4adc25a5e400c0104508,1.0,2,2,2
75bbb6b481a1df1689bb769e63ec3acb,e89bab624ed1d8c75012bf52bacc654c,1.0,2,2,2
75bbb6b481a1df1689bb769e63ec3acb,ec99f30f38afadbfbae32d5883734ded,1.0,2,2,2
75bbb6b481a1df1689bb769e63ec3acb,ee9d97a7d28183a3d93aefb807e48524,1.0,2,2,2
75bbb6b481a1df1689bb769e63ec3acb,eed42da7ee2f3ce26ab52758e63d855f,1.0,2,2,2
75bbb6b481a1df1689bb769e63ec3acb,ef3e32f1b8658891add797672f995cc5,1.0,2,2,2
75bbb6b481a1df1689bb769e63ec3acb,fb5e89c121d9569d1a58e0afb54da971,1.0,2,2,2
78c5f76b60a3a2588635aadc70e34df7,8ef9add628931053f28350c0ad4bc7f7,1.0,2,2,2
78c5f76b60a3a2588635aadc70e34df7,92fc4892f11581ee802e8e2fa4296433,1.0,2,2,2
78c5f76b60a3a2588635aadc70e34df7,e0ec2e3c3f6e06839e8fb986be65c7c5,1.0,2,2,2
78c5f76b60a3a2588635aadc70e34df7,e5b6fb6c5e7e4adc25a5e400c0104508,1.0,2,2,2
78c5f76b60a3a2588635aadc70e34df7,e89bab624ed1d8c75012bf52bacc654c,1.0,2,2,2
78c5f76b60a3a2588635aadc70e34df7,ec99f30f38afadbfbae32d5883734ded,1.0,2,2,2
78c5f76b60a3a2588635aadc70e34df7,ee9d97a7d28183a3d93aefb807e48524,1.0,2,2,2
78c5f76b60a3a2588635aadc70e34df7,eed42da7ee2f3ce26ab52758e63d855f,1.0,2,2,2
78c5f76b60a3a2588635aadc70e34df7,ef3e32f1b8658891add797672f995cc5,1.0,2,2,2
78c5f76b60a3a2588635aadc70e34df7,fb5e89c121d9569d1a58e0afb54da971,1.0,2,2,2
8ef9add628931053f28350c0ad4bc7f7,92fc4892f11581ee802e8e2fa4296433,1.0,2,2,2
8ef9add628931053f28350c0ad4bc7f7,e0ec2e3c3f6e06839e8fb986be65c7c5,1.0,2,2,2
8ef9add628931053f28350c0ad4bc7f7,e5b6fb6c5e7e4adc25a5e400c0104508,1.0,2,2,2
8ef9add628931053f28350c0ad4bc7f7,e89bab624ed1d8c75012bf52bacc654c,1.0,2,2,2
8ef9add628931053f28350c0ad4bc7f7,ec99f30f38afadbfbae32d5883734ded,1.0,2,2,2
8ef9add628931053f28350c0ad4bc7f7,ee9d97a7d28183a3d93aefb807e48524,1.0,2,2,2
8ef9add628931053f28350c0ad4bc7f7,eed42da7ee2f3ce26ab52758e63d855f,1.0,2,2,2
8ef9add628931053f28350c0ad4bc7f7,ef3e32f1b8658891add797672f995cc5,1.0,2,2,2
8ef9add628931053f28350c0ad4bc7f7,fb5e89c121d9569d1a58e0afb54da971,1.0,2,2,2
92fc4892f11581ee802e8e2fa4296433,e0ec2e3c3f6e06839e8fb986be65c7c5,1.0,2,2,2
92fc4892f11581ee802e8e2fa4296433,e5b6fb6c5e7e4adc25a5e400c0104508,1.0,2,2,2
92fc4892f11581ee802e8e2fa4296433,e89bab624ed1d8c75012bf52bacc654c,1.0,2,2,2
92fc4892f11581ee802e8e2fa4296433,ec99f30f38afadbfbae32d5883734ded,1.0,2,2,2
92fc4892f11581ee802e8e2fa4296433,ee9d97a7d28183a3d93aefb807e48524,1.0,2,2,2
92fc4892f11581ee802e8e2fa4296433,eed42da7ee2f3ce26ab52758e63d855f,1.0,2,2,2
92fc4892f11581ee802e8e2fa4296433,ef3e32f1b8658891add797672f995cc5,1.0,2,2,2
92fc4892f11581ee802e8e2fa4296433,fb5e89c121d9569d1a58e0afb54da971,1.0,2,2,2
e0ec2e3c3f6e06839e8fb986be65c7c5,e5b6fb6c5e7e4adc25a5e400c0104508,1.0,2,2,2
e0ec2e3c3f6e06839e8fb986be65c7c5,e89bab624ed1d8c75012bf52bacc654c,1.0,2,2,2
e0ec2e3c3f6e06839e8fb986be65c7c5,ec99f30f38afadbfbae32d5883734ded,1.0,2,2,2
e0ec2e3c3f6e06839e8fb986be65c7c5,ee9d97a7d28183a3d93aefb807e48524,1.0,2,2,2
e0ec2e3c3f6e06839e8fb986be65c7c5,eed42da7ee2f3ce26ab52758e63d855f,1.0,2,2,2
e0ec2e3c3f6e06839e8fb986be65c7c5,ef3e32f1b8658891add797672f995cc5,1.0,2,2,2
e0ec2e3c3f6e06839e8fb986be65c7c5,fb5e89c121d9569d1a58e0afb54da971,1.0,2,2,2
e5b6fb6c5e7e4adc25a5e400c0104508,e89bab624ed1d8c75012bf52bacc654c,1.0,2,2,2
e5b6fb6c5e7e4adc25a5e400c0104508,ec99f30f38afadbfbae32d5883734ded,1.0,2,2,2
e5b6fb6c5e7e4adc25a5e400c0104508,ee9d97a7d28183a3d93aefb807e48524,1.0,2,2,2
e5b6fb6c5e7e4adc25a5e400c0104508,eed42da7ee2f3ce26ab52758e63d855f,1.0,2,2,2
e5b6fb6c5e7e4adc25a5e400c0104508,ef3e32f1b8658891add797672f995cc5,1.0,2,2,2
e5b6fb6c5e7e4adc25a5e400c0104508,fb5e89c121d9569d1a58e0afb54da971,1.0,2,2,2
e89bab624ed1d8c75012bf52bacc654c,ec99f30f38afadbfbae32d5883734ded,1.0,2,2,2
e89bab624ed1d8c75012bf52bacc654c,ee9d97a7d28183a3d93aefb807e48524,1.0,2,2,2
e89bab624ed1d8c75012bf52bacc654c,eed42da7ee2f3ce26ab52758e63d855f,1.0,2,2,2
e89bab624ed1d8c75012bf52bacc654c,ef3e32f1b8658891add797672f995cc5,1.0,2,2,2
e89bab624ed1d8c75012bf52bacc654c,fb5e89c121d9569d1a58e0afb54da971,1.0,2,2,2
ec99f30f38afadbfbae32d5883734ded,ee9d97a7d28183a3d93aefb807e48524,1.0,2,2,2
ec99f30f38afadbfbae32d5883734ded,eed42da7ee2f3ce26ab52758e63d855f,1.0,2,2,2
ec99f30f38afadbfbae32d5883734ded,ef3e32f1b8658891add797672f995cc5,1.0,2,2,2
ec99f30f38afadbfbae32d5883734ded,fb5e89c121d9569d1a58e0afb54da971,1.0,2,2,2
ee9d97a7d28183a3d93aefb807e48524,eed42da7ee2f3ce26ab52758e63d855f,1.0,2,2,2
ee9d97a7d28183a3d93aefb807e48524,ef3e32f1b8658891add797672f995cc5,1.0,2,2,2
ee9d97a7d28183a3d93aefb807e48524,fb5e89c121d9569d1a58e0afb54da971,1.0,2,2,2
eed42da7ee2f3ce26ab52758e63d855f,ef3e32f1b8658891add797672f995cc5,1.0,2,2,2
eed42da7ee2f3ce26ab52758e63d855f,fb5e89c121d9569d1a58e0afb54da971,1.0,2,2,2
ef3e32f1b8658891add797672f995cc5,fb5e89c121d9569d1a58e0afb54da971,1.0,2,2,2
0a3d4f596bd69fa0b5f599c4b66b9dc5,cad3d0a8ce32033e32792a268e38fe03,1.0,2,2,2
0a3d4f596bd69fa0b5f599c4b66b9dc5,f2e6b49d4c29d9ea50b3551892f2cd36,1.0,2,2,2
cad3d0a8ce32033e32792a268e38fe03,f2e6b49d4c29d9ea50b3551892f2cd36,1.0,2,2,2
1a185a8b307a1add1f201001877f6f6c,4e7da8460a307b63a7a4d98750f3a95a,1.0,2,2,2
1a185a8b307a1add1f201001877f6f6c,747a3bde8936cc5b862993e65c1b5a48,1.0,2,2,2
1a185a8b307a1add1f201001877f6f6c,7a8afce0fdb6cd5e748818e19f1e223a,1.0,2,2,2
36cfec707344b75d20e6c7ef583c3b8c,5692f45005b99d929b723b96408957ec,1.0,2,2,2
36cfec707344b75d20e6c7ef583c3b8c,73b78f75df448f01b52aee67c38e1b4d,1.0,2,2,2
36cfec707344b75d20e6c7ef583c3b8c,a4aade0ce7988cd421340d39d0fba92d,1.0,2,2,2
4e7da8460a307b63a7a4d98750f3a95a,747a3bde8936cc5b862993e65c1b5a48,1.0,2,2,2
4e7da8460a307b63a7a4d98750f3a95a,7a8afce0fdb6cd5e748818e19f1e223a,1.0,2,2,2
5692f45005b99d929b723b96408957ec,73b78f75df448f01b52aee67c38e1b4d,1.0,2,2,2
5692f45005b99d929b723b96408957ec,a4aade0ce7988cd421340d39d0fba92d,1.0,2,2,2
5c418501b87e13cd0dfdb50fe6f1d96d,5ebc16fa8e8f7628425904c85c99760a,1.0,2,2,2
73b78f75df448f01b52aee67c38e1b4d,a4aade0ce7988cd421340d39d0fba92d,1.0,2,2,2
747a3bde8936cc5b862993e65c1b5a48,7a8afce0fdb6cd5e748818e19f1e223a,1.0,2,2,2
c5d3ed7ec11b725a565192292bb411cc,fac47e384fef9ddc9c3cad97ed3192e0,1.0,2,2,2
ce15104baabb5bf543c7aabb9d607072,df76d1efc22b15300619dd981a0c3d1c,1.0,2,2,2
0063817060d662048ed08bccecaf45d5,46a84f706aa22bdb63379610a77af307,1.0,2,2,2
38c82315266557c3d9c4312643d1717c,507d34ab7a9f465f7a023cf256e524da,1.0,2,2,2
38c82315266557c3d9c4312643d1717c,7d2e246c38946e89eda0c9c1288fc0e3,1.0,2,2,2
38c82315266557c3d9c4312643d1717c,bb7a29428a71e286a02f1377d42d6a35,1.0,2,2,2
38c82315266557c3d9c4312643d1717c,d46f0f655659cbeb210db2a746b2554f,1.0,2,2,2
507d34ab7a9f465f7a023cf256e524da,7d2e246c38946e89eda0c9c1288fc0e3,1.0,2,2,2
507d34ab7a9f465f7a023cf256e524da,bb7a29428a71e286a02f1377d42d6a35,1.0,2,2,2
507d34ab7a9f465f7a023cf256e524da,d46f0f655659cbeb210db2a746b2554f,1.0,2,2,2
70115d0e9a0d564ff0bb0315ccaae0eb,a58c3fb6af3c545575b2d93dd050aec9,1.0,2,2,2
7d2e246c38946e89eda0c9c1288fc0e3,bb7a29428a71e286a02f1377d42d6a35,1.0,2,2,2
7d2e246c38946e89eda0c9c1288fc0e3,d46f0f655659cbeb210db2a746b2554f,1.0,2,2,2
bb7a29428a71e286a02f1377d42d6a35,d46f0f655659cbeb210db2a746b2554f,1.0,2,2,2
0570089e1e1b3cf57b7f7d545cb204aa,06c0ea6ee892364d1608ee47aa9f56a0,1.0,2,2,2
36d9cc02c910d8c59caa1674f53c3ffb,79fa3eb416c3933311c949121225649f,1.0,2,2,2
aecfcfbdbed5deaea72b8f500f5bd071,b8939dbecf0659982b0e7d21c3731f7b,1.0,2,2,2
03cccac05d316dc60827fa7abedd608e,16f8c97e3a58560cfd64cff33dd78515,1.0,2,2,2
03cccac05d316dc60827fa7abedd608e,1e6b20395bc9690fe6735e6b6e0d2791,1.0,2,2,2
03cccac05d316dc60827fa7abedd608e,28e3b4a14a28881ebbdf5384e004d6fb,1.0,2,2,2
03cccac05d316dc60827fa7abedd608e,3052fa07cdb3c836b158402ea4ee6fb8,1.0,2,2,2
03cccac05d316dc60827fa7abedd608e,318dd674b6e789249337a1edca1b0cc1,1.0,2,2,2
03cccac05d316dc60827fa7abedd608e,3ad84abcfa9a58f9ede403889421500b,1.0,2,2,2
03cccac05d316dc60827fa7abedd608e,48c1b34a2d23e13b8967caa478d9c428,1.0,2,2,2
03cccac05d316dc60827fa7abedd608e,5182c0939da37d2f3acd9f2fb8b60d4f,1.0,2,2,2
03cccac05d316dc60827fa7abedd608e,7647c15a4f2e66304c91fcf86573a2a3,1.0,2,2,2
03cccac05d316dc60827fa7abedd608e,7989d259bdf69447ee8e00970c3f3228,1.0,2,2,2
03cccac05d316dc60827fa7abedd608e,7de1536dfbeaacfb971b48c2c93c16cc,1.0,2,2,2
03cccac05d316dc60827fa7abedd608e,7e69734dad7cfcbe95aa59f38095057d,1.0,2,2,2
03cccac05d316dc60827fa7abedd608e,8b88f64495d95d12a12c0d71534d0faa,1.0,2,2,2
03cccac05d316dc60827fa7abedd608e,9a56d30e286ddea1374c143d111de34d,1.0,2,2,2
03cccac05d316dc60827fa7abedd608e,9ccd3694bf9d11a53846dcc5c105e7b6,1.0,2,2,2
03cccac05d316dc60827fa7abedd608e,9f5b78334246addf67c6b0545bc7dd2b,1.0,2,2,2
03cccac05d316dc60827fa7abedd608e,a6ddea592cbc5da9970a9a9803c07347,1.0,2,2,2
03cccac05d316dc60827fa7abedd608e,ae4040757eb5b3be43a7c0ea27260d50,1.0,2,2,2
03cccac05d316dc60827fa7abedd608e,af417df88fa589d65603e559ee80a22c,1.0,2,2,2
03cccac05d316dc60827fa7abedd608e,c4295b913119b04f3c9d28a7bfd524f1,1.0,2,2,2
03cccac05d316dc60827fa7abedd608e,d9752ac494a2b97507fd2faa478cabd9,1.0,2,2,2
03cccac05d316dc60827fa7abedd608e,e1015df046a6e086818dc851b65c2392,1.0,2,2,2
03cccac05d316dc60827fa7abedd608e,e238fba997eec80e48bf8d8689877d89,1.0,2,2,2
03cccac05d316dc60827fa7abedd608e,ec8cf19822473555370553d399f7a654,1.0,2,2,2
16f8c97e3a58560cfd64cff33dd78515,1e6b20395bc9690fe6735e6b6e0d2791,1.0,2,2,2
16f8c97e3a58560cfd64cff33dd78515,28e3b4a14a28881ebbdf5384e004d6fb,1.0,2,2,2
16f8c97e3a58560cfd64cff33dd78515,3052fa07cdb3c836b158402ea4ee6fb8,1.0,2,2,2
16f8c97e3a58560cfd64cff33dd78515,318dd674b6e789249337a1edca1b0cc1,1.0,2,2,2
16f8c97e3a58560cfd64cff33dd78515,3ad84abcfa9a58f9ede403889421500b,1.0,2,2,2
16f8c97e3a58560cfd64cff33dd78515,48c1b34a2d23e13b8967caa478d9c428,1.0,2,2,2
16f8c97e3a58560cfd64cff33dd78515,5182c0939da37d2f3acd9f2fb8b60d4f,1.0,2,2,2
16f8c97e3a58560cfd64cff33dd78515,7647c15a4f2e66304c91fcf86573a2a3,1.0,2,2,2
16f8c97e3a58560cfd64cff33dd78515,7989d259bdf69447ee8e00970c3f3228,1.0,2,2,2
16f8c97e3a58560cfd64cff33dd78515,7de1536dfbeaacfb971b48c2c93c16cc,1.0,2,2,2
16f8c97e3a58560cfd64cff33dd78515,7e69734dad7cfcbe95aa59f38095057d,1.0,2,2,2
16f8c97e3a58560cfd64cff33dd78515,8b88f64495d95d12a12c0d71534d0faa,1.0,2,2,2
16f8c97e3a58560cfd64cff33dd78515,9a56d30e286ddea1374c143d111de34d,1.0,2,2,2
16f8c97e3a58560cfd64cff33dd78515,9ccd3694bf9d11a53846dcc5c105e7b6,1.0,2,2,2
16f8c97e3a58560cfd64cff33dd78515,9f5b78334246addf67c6b0545bc7dd2b,1.0,2,2,2
16f8c97e3a58560cfd64cff33dd78515,a6ddea592cbc5da9970a9a9803c07347,1.0,2,2,2
16f8c97e3a58560cfd64cff33dd78515,ae4040757eb5b3be43a7c0ea27260d50,1.0,2,2,2
16f8c97e3a58560cfd64cff33dd78515,af417df88fa589d65603e559ee80a22c,1.0,2,2,2
16f8c97e3a58560cfd64cff33dd78515,c4295b913119b04f3c9d28a7bfd524f1,1.0,2,2,2
16f8c97e3a58560cfd64cff33dd78515,d9752ac494a2b97507fd2faa478cabd9,1.0,2,2,2
16f8c97e3a58560cfd64cff33dd78515,e1015df046a6e086818dc851b65c2392,1.0,2,2,2
16f8c97e3a58560cfd64cff33dd78515,e238fba997eec80e48bf8d8689877d89,1.0,2,2,2
16f8c97e3a58560cfd64cff33dd78515,ec8cf19822473555370553d399f7a654,1.0,2,2,2
1e6b20395bc9690fe6735e6b6e0d2791,28e3b4a14a28881ebbdf5384e004d6fb,1.0,2,2,2
1e6b20395bc9690fe6735e6b6e0d2791,3052fa07cdb3c836b158402ea4ee6fb8,1.0,2,2,2
1e6b20395bc9690fe6735e6b6e0d2791,318dd674b6e789249337a1edca1b0cc1,1.0,2,2,2
1e6b20395bc9690fe6735e6b6e0d2791,3ad84abcfa9a58f9ede403889421500b,1.0,2,2,2
1e6b20395bc9690fe6735e6b6e0d2791,48c1b34a2d23e13b8967caa478d9c428,1.0,2,2,2
1e6b20395bc9690fe6735e6b6e0d2791,5182c0939da37d2f3acd9f2fb8b60d4f,1.0,2,2,2
1e6b20395bc9690fe6735e6b6e0d2791,7647c15a4f2e66304c91fcf86573a2a3,1.0,2,2,2
1e6b20395bc9690fe6735e6b6e0d2791,7989d259bdf69447ee8e00970c3f3228,1.0,2,2,2
1e6b20395bc9690fe6735e6b6e0d2791,7de1536dfbeaacfb971b48c2c93c16cc,1.0,2,2,2
1e6b20395bc9690fe6735e6b6e0d2791,7e69734dad7cfcbe95aa59f38095057d,1.0,2,2,2
1e6b20395bc9690fe6735e6b6e0d2791,8b88f64495d95d12a12c0d71534d0faa,1.0,2,2,2
1e6b20395bc9690fe6735e6b6e0d2791,9a56d30e286ddea1374c143d111de34d,1.0,2,2,2
1e6b20395bc9690fe6735e6b6e0d2791,9ccd3694bf9d11a53846dcc5c105e7b6,1.0,2,2,2
1e6b20395bc9690fe6735e6b6e0d2791,9f5b78334246addf67c6b0545bc7dd2b,1.0,2,2,2
1e6b20395bc9690fe6735e6b6e0d2791,a6ddea592cbc5da9970a9a9803c07347,1.0,2,2,2
1e6b20395bc9690fe6735e6b6e0d2791,ae4040757eb5b3be43a7c0ea27260d50,1.0,2,2,2
1e6b20395bc9690fe6735e6b6e0d2791,af417df88fa589d65603e559ee80a22c,1.0,2,2,2
1e6b20395bc9690fe6735e6b6e0d2791,c4295b913119b04f3c9d28a7bfd524f1,1.0,2,2,2
1e6b20395bc9690fe6735e6b6e0d2791,d9752ac494a2b97507fd2faa478cabd9,1.0,2,2,2
1e6b20395bc9690fe6735e6b6e0d2791,e1015df046a6e086818dc851b65c2392,1.0,2,2,2
1e6b20395bc9690fe6735e6b6e0d2791,e238fba997eec80e48bf8d8689877d89,1.0,2,2,2
1e6b20395bc9690fe6735e6b6e0d2791,ec8cf19822473555370553d399f7a654,1.0,2,2,2
28e3b4a14a28881ebbdf5384e004d6fb,3052fa07cdb3c836b158402ea4ee6fb8,1.0,2,2,2
28e3b4a14a28881ebbdf5384e004d6fb,318dd674b6e789249337a1edca1b0cc1,1.0,2,2,2
28e3b4a14a28881ebbdf5384e004d6fb,3ad84abcfa9a58f9ede403889421500b,1.0,2,2,2
28e3b4a14a28881ebbdf5384e004d6fb,48c1b34a2d23e13b8967caa478d9c428,1.0,2,2,2
28e3b4a14a28881ebbdf5384e004d6fb,5182c0939da37d2f3acd9f2fb8b60d4f,1.0,2,2,2
28e3b4a14a28881ebbdf5384e004d6fb,7647c15a4f2e66304c91fcf86573a2a3,1.0,2,2,2
28e3b4a14a28881ebbdf5384e004d6fb,7989d259bdf69447ee8e00970c3f3228,1.0,2,2,2
28e3b4a14a28881ebbdf5384e004d6fb,7de1536dfbeaacfb971b48c2c93c16cc,1.0,2,2,2
28e3b4a14a28881ebbdf5384e004d6fb,7e69734dad7cfcbe95aa59f38095057d,1.0,2,2,2
28e3b4a14a28881ebbdf5384e004d6fb,8b88f64495d95d12a12c0d71534d0faa,1.0,2,2,2
28e3b4a14a28881ebbdf5384e004d6fb,9a56d30e286ddea1374c143d111de34d,1.0,2,2,2
28e3b4a14a28881ebbdf5384e004d6fb,9ccd3694bf9d11a53846dcc5c105e7b6,1.0,2,2,2
28e3b4a14a28881ebbdf5384e004d6fb,9f5b78334246addf67c6b0545bc7dd2b,1.0,2,2,2
28e3b4a14a28881ebbdf5384e004d6fb,a6ddea592cbc5da9970a9a9803c07347,1.0,2,2,2
28e3b4a14a28881ebbdf5384e004d6fb,ae4040757eb5b3be43a7c0ea27260d50,1.0,2,2,2
28e3b4a14a28881ebbdf5384e004d6fb,af417df88fa589d65603e559ee80a22c,1.0,2,2,2
28e3b4a14a28881ebbdf5384e004d6fb,c4295b913119b04f3c9d28a7bfd524f1,1.0,2,2,2
28e3b4a14a28881ebbdf5384e004d6fb,d9752ac494a2b97507fd2faa478cabd9,1.0,2,2,2
28e3b4a14a28881ebbdf5384e004d6fb,e1015df046a6e086818dc851b65c2392,1.0,2,2,2
28e3b4a14a28881ebbdf5384e004d6fb,e238fba997eec80e48bf8d8689877d89,1.0,2,2,2
28e3b4a14a28881ebbdf5384e004d6fb,ec8cf19822473555370553d399f7a654,1.0,2,2,2
3052fa07cdb3c836b158402ea4ee6fb8,318dd674b6e789249337a1edca1b0cc1,1.0,2,2,2
3052fa07cdb3c836b158402ea4ee6fb8,3ad84abcfa9a58f9ede403889421500b,1.0,2,2,2
3052fa07cdb3c836b158402ea4ee6fb8,48c1b34a2d23e13b8967caa478d9c428,1.0,2,2,2
3052fa07cdb3c836b158402ea4ee6fb8,5182c0939da37d2f3acd9f2fb8b60d4f,1.0,2,2,2
3052fa07cdb3c836b158402ea4ee6fb8,7647c15a4f2e66304c91fcf86573a2a3,1.0,2,2,2
3052fa07cdb3c836b158402ea4ee6fb8,7989d259bdf69447ee8e00970c3f3228,1.0,2,2,2
3052fa07cdb3c836b158402ea4ee6fb8,7de1536dfbeaacfb971b48c2c93c16cc,1.0,2,2,2
3052fa07cdb3c836b158402ea4ee6fb8,7e69734dad7cfcbe95aa59f38095057d,1.0,2,2,2
3052fa07cdb3c836b158402ea4ee6fb8,8b88f64495d95d12a12c0d71534d0faa,1.0,2,2,2
3052fa07cdb3c836b158402ea4ee6fb8,9a56d30e286ddea1374c143d111de34d,1.0,2,2,2
3052fa07cdb3c836b158402ea4ee6fb8,9ccd3694bf9d11a53846dcc5c105e7b6,1.0,2,2,2
3052fa07cdb3c836b158402ea4ee6fb8,9f5b78334246addf67c6b0545bc7dd2b,1.0,2,2,2
3052fa07cdb3c836b158402ea4ee6fb8,a6ddea592cbc5da9970a9a9803c07347,1.0,2,2,2
3052fa07cdb3c836b158402ea4ee6fb8,ae4040757eb5b3be43a7c0ea27260d50,1.0,2,2,2
3052fa07cdb3c836b158402ea4ee6fb8,af417df88fa589d65603e559ee80a22c,1.0,2,2,2
3052fa07cdb3c836b158402ea4ee6fb8,c4295b913119b04f3c9d28a7bfd524f1,1.0,2,2,2
3052fa07cdb3c836b158402ea4ee6fb8,d9752ac494a2b97507fd2faa478cabd9,1.0,2,2,2
3052fa07cdb3c836b158402ea4ee6fb8,e1015df046a6e086818dc851b65c2392,1.0,2,2,2
3052fa07cdb3c836b158402ea4ee6fb8,e238fba997eec80e48bf8d8689877d89,1.0,2,2,2
3052fa07cdb3c836b158402ea4ee6fb8,ec8cf19822473555370553d399f7a654,1.0,2,2,2
318dd674b6e789249337a1edca1b0cc1,3ad84abcfa9a58f9ede403889421500b,1.0,2,2,2
318dd674b6e789249337a1edca1b0cc1,48c1b34a2d23e13b8967caa478d9c428,1.0,2,2,2
318dd674b6e789249337a1edca1b0cc1,5182c0939da37d2f3acd9f2fb8b60d4f,1.0,2,2,2
318dd674b6e789249337a1edca1b0cc1,7647c15a4f2e66304c91fcf86573a2a3,1.0,2,2,2
318dd674b6e789249337a1edca1b0cc1,7989d259bdf69447ee8e00970c3f3228,1.0,2,2,2
318dd674b6e789249337a1edca1b0cc1,7de1536dfbeaacfb971b48c2c93c16cc,1.0,2,2,2
318dd674b6e789249337a1edca1b0cc1,7e69734dad7cfcbe95aa59f38095057d,1.0,2,2,2
318dd674b6e789249337a1edca1b0cc1,8b88f64495d95d12a12c0d71534d0faa,1.0,2,2,2
318dd674b6e789249337a1edca1b0cc1,9a56d30e286ddea1374c143d111de34d,1.0,2,2,2
318dd674b6e789249337a1edca1b0cc1,9ccd3694bf9d11a53846dcc5c105e7b6,1.0,2,2,2
318dd674b6e789249337a1edca1b0cc1,9f5b78334246addf67c6b0545bc7dd2b,1.0,2,2,2
318dd674b6e789249337a1edca1b0cc1,a6ddea592cbc5da9970a9a9803c07347,1.0,2,2,2
318dd674b6e789249337a1edca1b0cc1,ae4040757eb5b3be43a7c0ea27260d50,1.0,2,2,2
318dd674b6e789249337a1edca1b0cc1,af417df88fa589d65603e559ee80a22c,1.0,2,2,2
318dd674b6e789249337a1edca1b0cc1,c4295b913119b04f3c9d28a7bfd524f1,1.0,2,2,2
318dd674b6e789249337a1edca1b0cc1,d9752ac494a2b97507fd2faa478cabd9,1.0,2,2,2
318dd674b6e789249337a1edca1b0cc1,e1015df046a6e086818dc851b65c2392,1.0,2,2,2
318dd674b6e789249337a1edca1b0cc1,e238fba997eec80e48bf8d8689877d89,1.0,2,2,2
318dd674b6e789249337a1edca1b0cc1,ec8cf19822473555370553d399f7a654,1.0,2,2,2
3ad84abcfa9a58f9ede403889421500b,48c1b34a2d23e13b8967caa478d9c428,1.0,2,2,2
3ad84abcfa9a58f9ede403889421500b,5182c0939da37d2f3acd9f2fb8b60d4f,1.0,2,2,2
3ad84abcfa9a58f9ede403889421500b,7647c15a4f2e66304c91fcf86573a2a3,1.0,2,2,2
3ad84abcfa9a58f9ede403889421500b,7989d259bdf69447ee8e00970c3f3228,1.0,2,2,2
3ad84abcfa9a58f9ede403889421500b,7de1536dfbeaacfb971b48c2c93c16cc,1.0,2,2,2
3ad84abcfa9a58f9ede403889421500b,7e69734dad7cfcbe95aa59f38095057d,1.0,2,2,2
3ad84abcfa9a58f9ede403889421500b,8b88f64495d95d12a12c0d71534d0faa,1.0,2,2,2
3ad84abcfa9a58f9ede403889421500b,9a56d30e286ddea1374c143d111de34d,1.0,2,2,2
3ad84abcfa9a58f9ede403889421500b,9ccd3694bf9d11a53846dcc5c105e7b6,1.0,2,2,2
3ad84abcfa9a58f9ede403889421500b,9f5b78334246addf67c6b0545bc7dd2b,1.0,2,2,2
3ad84abcfa9a58f9ede403889421500b,a6ddea592cbc5da9970a9a9803c07347,1.0,2,2,2
3ad84abcfa9a58f9ede403889421500b,ae4040757eb5b3be43a7c0ea27260d50,1.0,2,2,2
3ad84abcfa9a58f9ede403889421500b,af417df88fa589d65603e559ee80a22c,1.0,2,2,2
3ad84abcfa9a58f9ede403889421500b,c4295b913119b04f3c9d28a7bfd524f1,1.0,2,2,2
3ad84abcfa9a58f9ede403889421500b,d9752ac494a2b97507fd2faa478cabd9,1.0,2,2,2
3ad84abcfa9a58f9ede403889421500b,e1015df046a6e086818dc851b65c2392,1.0,2,2,2
3ad84abcfa9a58f9ede403889421500b,e238fba997eec80e48bf8d8689877d89,1.0,2,2,2
3ad84abcfa9a58f9ede403889421500b,ec8cf19822473555370553d399f7a654,1.0,2,2,2
44a4a7cc2c0e9890778117619bdc7a96,b654c99744f2fa112d4f7a7762ecfdfe,1.0,2,2,2
48c1b34a2d23e13b8967caa478d9c428,5182c0939da37d2f3acd9f2fb8b60d4f,1.0,2,2,2
48c1b34a2d23e13b8967caa478d9c428,7647c15a4f2e66304c91fcf86573a2a3,1.0,2,2,2
48c1b34a2d23e13b8967caa478d9c428,7989d259bdf69447ee8e00970c3f3228,1.0,2,2,2
48c1b34a2d23e13b8967caa478d9c428,7de1536dfbeaacfb971b48c2c93c16cc,1.0,2,2,2
48c1b34a2d23e13b8967caa478d9c428,7e69734dad7cfcbe95aa59f38095057d,1.0,2,2,2
48c1b34a2d23e13b8967caa478d9c428,8b88f64495d95d12a12c0d71534d0faa,1.0,2,2,2
48c1b34a2d23e13b8967caa478d9c428,9a56d30e286ddea1374c143d111de34d,1.0,2,2,2
48c1b34a2d23e13b8967caa478d9c428,9ccd3694bf9d11a53846dcc5c105e7b6,1.0,2,2,2
48c1b34a2d23e13b8967caa478d9c428,9f5b78334246addf67c6b0545bc7dd2b,1.0,2,2,2
48c1b34a2d23e13b8967caa478d9c428,a6ddea592cbc5da9970a9a9803c07347,1.0,2,2,2
48c1b34a2d23e13b8967caa478d9c428,ae4040757eb5b3be43a7c0ea27260d50,1.0,2,2,2
48c1b34a2d23e13b8967caa478d9c428,af417df88fa589d65603e559ee80a22c,1.0,2,2,2
48c1b34a2d23e13b8967caa478d9c428,c4295b913119b04f3c9d28a7bfd524f1,1.0,2,2,2
48c1b34a2d23e13b8967caa478d9c428,d9752ac494a2b97507fd2faa478cabd9,1.0,2,2,2
48c1b34a2d23e13b8967caa478d9c428,e1015df046a6e086818dc851b65c2392,1.0,2,2,2
48c1b34a2d23e13b8967caa478d9c428,e238fba997eec80e48bf8d8689877d89,1.0,2,2,2
48c1b34a2d23e13b8967caa478d9c428,ec8cf19822473555370553d399f7a654,1.0,2,2,2
5182c0939da37d2f3acd9f2fb8b60d4f,7647c15a4f2e66304c91fcf86573a2a3,1.0,2,2,2
5182c0939da37d2f3acd9f2fb8b60d4f,7989d259bdf69447ee8e00970c3f3228,1.0,2,2,2
5182c0939da37d2f3acd9f2fb8b60d4f,7de1536dfbeaacfb971b48c2c93c16cc,1.0,2,2,2
5182c0939da37d2f3acd9f2fb8b60d4f,7e69734dad7cfcbe95aa59f38095057d,1.0,2,2,2
5182c0939da37d2f3acd9f2fb8b60d4f,8b88f64495d95d12a12c0d71534d0faa,1.0,2,2,2
5182c0939da37d2f3acd9f2fb8b60d4f,9a56d30e286ddea1374c143d111de34d,1.0,2,2,2
5182c0939da37d2f3acd9f2fb8b60d4f,9ccd3694bf9d11a53846dcc5c105e7b6,1.0,2,2,2
5182c0939da37d2f3acd9f2fb8b60d4f,9f5b78334246addf67c6b0545bc7dd2b,1.0,2,2,2
5182c0939da37d2f3acd9f2fb8b60d4f,a6ddea592cbc5da9970a9a9803c07347,1.0,2,2,2
5182c0939da37d2f3acd9f2fb8b60d4f,ae4040757eb5b3be43a7c0ea27260d50,1.0,2,2,2
5182c0939da37d2f3acd9f2fb8b60d4f,af417df88fa589d65603e559ee80a22c,1.0,2,2,2
5182c0939da37d2f3acd9f2fb8b60d4f,c4295b913119b04f3c9d28a7bfd524f1,1.0,2,2,2
5182c0939da37d2f3acd9f2fb8b60d4f,d9752ac494a2b97507fd2faa478cabd9,1.0,2,2,2
5182c0939da37d2f3acd9f2fb8b60d4f,e1015df046a6e086818dc851b65c2392,1.0,2,2,2
5182c0939da37d2f3acd9f2fb8b60d4f,e238fba997eec80e48bf8d8689877d89,1.0,2,2,2
5182c0939da37d2f3acd9f2fb8b60d4f,ec8cf19822473555370553d399f7a654,1.0,2,2,2
7647c15a4f2e66304c91fcf86573a2a3,7989d259bdf69447ee8e00970c3f3228,1.0,2,2,2
7647c15a4f2e66304c91fcf86573a2a3,7de1536dfbeaacfb971b48c2c93c16cc,1.0,2,2,2
7647c15a4f2e66304c91fcf86573a2a3,7e69734dad7cfcbe95aa59f38095057d,1.0,2,2,2
7647c15a4f2e66304c91fcf86573a2a3,8b88f64495d95d12a12c0d71534d0faa,1.0,2,2,2
7647c15a4f2e66304c91fcf86573a2a3,9a56d30e286ddea1374c143d111de34d,1.0,2,2,2
7647c15a4f2e66304c91fcf86573a2a3,9ccd3694bf9d11a53846dcc5c105e7b6,1.0,2,2,2
7647c15a4f2e66304c91fcf86573a2a3,9f5b78334246addf67c6b0545bc7dd2b,1.0,2,2,2
7647c15a4f2e66304c91fcf86573a2a3,a6ddea592cbc5da9970a9a9803c07347,1.0,2,2,2
7647c15a4f2e66304c91fcf86573a2a3,ae4040757eb5b3be43a7c0ea27260d50,1.0,2,2,2
7647c15a4f2e66304c91fcf86573a2a3,af417df88fa589d65603e559ee80a22c,1.0,2,2,2
7647c15a4f2e66304c91fcf86573a2a3,c4295b913119b04f3c9d28a7bfd524f1,1.0,2,2,2
7647c15a4f2e66304c91fcf86573a2a3,d9752ac494a2b97507fd2faa478cabd9,1.0,2,2,2
7647c15a4f2e66304c91fcf86573a2a3,e1015df046a6e086818dc851b65c2392,1.0,2,2,2
7647c15a4f2e66304c91fcf86573a2a3,e238fba997eec80e48bf8d8689877d89,1.0,2,2,2
7647c15a4f2e66304c91fcf86573a2a3,ec8cf19822473555370553d399f7a654,1.0,2,2,2
7989d259bdf69447ee8e00970c3f3228,7de1536dfbeaacfb971b48c2c93c16cc,1.0,2,2,2
7989d259bdf69447ee8e00970c3f3228,7e69734dad7cfcbe95aa59f38095057d,1.0,2,2,2
7989d259bdf69447ee8e00970c3f3228,8b88f64495d95d12a12c0d71534d0faa,1.0,2,2,2
7989d259bdf69447ee8e00970c3f3228,9a56d30e286ddea1374c143d111de34d,1.0,2,2,2
7989d259bdf69447ee8e00970c3f3228,9ccd3694bf9d11a53846dcc5c105e7b6,1.0,2,2,2
7989d259bdf69447ee8e00970c3f3228,9f5b78334246addf67c6b0545bc7dd2b,1.0,2,2,2
7989d259bdf69447ee8e00970c3f3228,a6ddea592cbc5da9970a9a9803c07347,1.0,2,2,2
7989d259bdf69447ee8e00970c3f3228,ae4040757eb5b3be43a7c0ea27260d50,1.0,2,2,2
7989d259bdf69447ee8e00970c3f3228,af417df88fa589d65603e559ee80a22c,1.0,2,2,2
7989d259bdf69447ee8e00970c3f3228,c4295b913119b04f3c9d28a7bfd524f1,1.0,2,2,2
7989d259bdf69447ee8e00970c3f3228,d9752ac494a2b97507fd2faa478cabd9,1.0,2,2,2
7989d259bdf69447ee8e00970c3f3228,e1015df046a6e086818dc851b65c2392,1.0,2,2,2
7989d259bdf69447ee8e00970c3f3228,e238fba997eec80e48bf8d8689877d89,1.0,2,2,2
7989d259bdf69447ee8e00970c3f3228,ec8cf19822473555370553d399f7a654,1.0,2,2,2
7de1536dfbeaacfb971b48c2c93c16cc,7e69734dad7cfcbe95aa59f38095057d,1.0,2,2,2
7de1536dfbeaacfb971b48c2c93c16cc,8b88f64495d95d12a12c0d71534d0faa,1.0,2,2,2
7de1536dfbeaacfb971b48c2c93c16cc,9a56d30e286ddea1374c143d111de34d,1.0,2,2,2
7de1536dfbeaacfb971b48c2c93c16cc,9ccd3694bf9d11a53846dcc5c105e7b6,1.0,2,2,2
7de1536dfbeaacfb971b48c2c93c16cc,9f5b78334246addf67c6b0545bc7dd2b,1.0,2,2,2
7de1536dfbeaacfb971b48c2c93c16cc,a6ddea592cbc5da9970a9a9803c07347,1.0,2,2,2
7de1536dfbeaacfb971b48c2c93c16cc,ae4040757eb5b3be43a7c0ea27260d50,1.0,2,2,2
7de1536dfbeaacfb971b48c2c93c16cc,af417df88fa589d65603e559ee80a22c,1.0,2,2,2
7de1536dfbeaacfb971b48c2c93c16cc,c4295b913119b04f3c9d28a7bfd524f1,1.0,2,2,2
7de1536dfbeaacfb971b48c2c93c16cc,d9752ac494a2b97507fd2faa478cabd9,1.0,2,2,2
7de1536dfbeaacfb971b48c2c93c16cc,e1015df046a6e086818dc851b65c2392,1.0,2,2,2
7de1536dfbeaacfb971b48c2c93c16cc,e238fba997eec80e48bf8d8689877d89,1.0,2,2,2
7de1536dfbeaacfb971b48c2c93c16cc,ec8cf19822473555370553d399f7a654,1.0,2,2,2
7e69734dad7cfcbe95aa59f38095057d,8b88f64495d95d12a12c0d71534d0faa,1.0,2,2,2
7e69734dad7cfcbe95aa59f38095057d,9a56d30e286ddea1374c143d111de34d,1.0,2,2,2
7e69734dad7cfcbe95aa59f38095057d,9ccd3694bf9d11a53846dcc5c105e7b6,1.0,2,2,2
7e69734dad7cfcbe95aa59f38095057d,9f5b78334246addf67c6b0545bc7dd2b,1.0,2,2,2
7e69734dad7cfcbe95aa59f38095057d,a6ddea592cbc5da9970a9a9803c07347,1.0,2,2,2
7e69734dad7cfcbe95aa59f38095057d,ae4040757eb5b3be43a7c0ea27260d50,1.0,2,2,2
7e69734dad7cfcbe95aa59f38095057d,af417df88fa589d65603e559ee80a22c,1.0,2,2,2
7e69734dad7cfcbe95aa59f38095057d,c4295b913119b04f3c9d28a7bfd524f1,1.0,2,2,2
7e69734dad7cfcbe95aa59f38095057d,d9752ac494a2b97507fd2faa478cabd9,1.0,2,2,2
7e69734dad7cfcbe95aa59f38095057d,e1015df046a6e086818dc851b65c2392,1.0,2,2,2
7e69734dad7cfcbe95aa59f38095057d,e238fba997eec80e48bf8d8689877d89,1.0,2,2,2
7e69734dad7cfcbe95aa59f38095057d,ec8cf19822473555370553d399f7a654,1.0,2,2,2
8b88f64495d95d12a12c0d71534d0faa,9a56d30e286ddea1374c143d111de34d,1.0,2,2,2
8b88f64495d95d12a12c0d71534d0faa,9ccd3694bf9d11a53846dcc5c105e7b6,1.0,2,2,2
8b88f64495d95d12a12c0d71534d0faa,9f5b78334246addf67c6b0545bc7dd2b,1.0,2,2,2
8b88f64495d95d12a12c0d71534d0faa,a6ddea592cbc5da9970a9a9803c07347,1.0,2,2,2
8b88f64495d95d12a12c0d71534d0faa,ae4040757eb5b3be43a7c0ea27260d50,1.0,2,2,2
8b88f64495d95d12a12c0d71534d0faa,af417df88fa589d65603e559ee80a22c,1.0,2,2,2
8b88f64495d95d12a12c0d71534d0faa,c4295b913119b04f3c9d28a7bfd524f1,1.0,2,2,2
8b88f64495d95d12a12c0d71534d0faa,d9752ac494a2b97507fd2faa478cabd9,1.0,2,2,2
8b88f64495d95d12a12c0d71534d0faa,e1015df046a6e086818dc851b65c2392,1.0,2,2,2
8b88f64495d95d12a12c0d71534d0faa,e238fba997eec80e48bf8d8689877d89,1.0,2,2,2
8b88f64495d95d12a12c0d71534d0faa,ec8cf19822473555370553d399f7a654,1.0,2,2,2
9a56d30e286ddea1374c143d111de34d,9ccd3694bf9d11a53846dcc5c105e7b6,1.0,2,2,2
9a56d30e286ddea1374c143d111de34d,9f5b78334246addf67c6b0545bc7dd2b,1.0,2,2,2
9a56d30e286ddea1374c143d111de34d,a6ddea592cbc5da9970a9a9803c07347,1.0,2,2,2
9a56d30e286ddea1374c143d111de34d,ae4040757eb5b3be43a7c0ea27260d50,1.0,2,2,2
9a56d30e286ddea1374c143d111de34d,af417df88fa589d65603e559ee80a22c,1.0,2,2,2
9a56d30e286ddea1374c143d111de34d,c4295b913119b04f3c9d28a7bfd524f1,1.0,2,2,2
9a56d30e286ddea1374c143d111de34d,d9752ac494a2b97507fd2faa478cabd9,1.0,2,2,2
9a56d30e286ddea1374c143d111de34d,e1015df046a6e086818dc851b65c2392,1.0,2,2,2
9a56d30e286ddea1374c143d111de34d,e238fba997eec80e48bf8d8689877d89,1.0,2,2,2
9a56d30e286ddea1374c143d111de34d,ec8cf19822473555370553d399f7a654,1.0,2,2,2
9ccd3694bf9d11a53846dcc5c105e7b6,9f5b78334246addf67c6b0545bc7dd2b,1.0,2,2,2
9ccd3694bf9d11a53846dcc5c105e7b6,a6ddea592cbc5da9970a9a9803c07347,1.0,2,2,2
9ccd3694bf9d11a53846dcc5c105e7b6,ae4040757eb5b3be43a7c0ea27260d50,1.0,2,2,2
9ccd3694bf9d11a53846dcc5c105e7b6,af417df88fa589d65603e559ee80a22c,1.0,2,2,2
9ccd3694bf9d11a53846dcc5c105e7b6,c4295b913119b04f3c9d28a7bfd524f1,1.0,2,2,2
9ccd3694bf9d11a53846dcc5c105e7b6,d9752ac494a2b97507fd2faa478cabd9,1.0,2,2,2
9ccd3694bf9d11a53846dcc5c105e7b6,e1015df046a6e086818dc851b65c2392,1.0,2,2,2
9ccd3694bf9d11a53846dcc5c105e7b6,e238fba997eec80e48bf8d8689877d89,1.0,2,2,2
9ccd3694bf9d11a53846dcc5c105e7b6,ec8cf19822473555370553d399f7a654,1.0,2,2,2
9f5b78334246addf67c6b0545bc7dd2b,a6ddea592cbc5da9970a9a9803c07347,1.0,2,2,2
9f5b78334246addf67c6b0545bc7dd2b,ae4040757eb5b3be43a7c0ea27260d50,1.0,2,2,2
9f5b78334246addf67c6b0545bc7dd2b,af417df88fa589d65603e559ee80a22c,1.0,2,2,2
9f5b78334246addf67c6b0545bc7dd2b,c4295b913119b04f3c9d28a7bfd524f1,1.0,2,2,2
9f5b78334246addf67c6b0545bc7dd2b,d9752ac494a2b97507fd2faa478cabd9,1.0,2,2,2
9f5b78334246addf67c6b0545bc7dd2b,e1015df046a6e086818dc851b65c2392,1.0,2,2,2
9f5b78334246addf67c6b0545bc7dd2b,e238fba997eec80e48bf8d8689877d89,1.0,2,2,2
9f5b78334246addf67c6b0545bc7dd2b,ec8cf19822473555370553d399f7a654,1.0,2,2,2
a6ddea592cbc5da9970a9a9803c07347,ae4040757eb5b3be43a7c0ea27260d50,1.0,2,2,2
a6ddea592cbc5da9970a9a9803c07347,af417df88fa589d65603e559ee80a22c,1.0,2,2,2
a6ddea592cbc5da9970a9a9803c07347,c4295b913119b04f3c9d28a7bfd524f1,1.0,2,2,2
a6ddea592cbc5da9970a9a9803c07347,d9752ac494a2b97507fd2faa478cabd9,1.0,2,2,2
a6ddea592cbc5da9970a9a9803c07347,e1015df046a6e086818dc851b65c2392,1.0,2,2,2
a6ddea592cbc5da9970a9a9803c07347,e238fba997eec80e48bf8d8689877d89,1.0,2,2,2
a6ddea592cbc5da9970a9a9803c07347,ec8cf19822473555370553d399f7a654,1.0,2,2,2
ae4040757eb5b3be43a7c0ea27260d50,af417df88fa589d65603e559ee80a22c,1.0,2,2,2
ae4040757eb5b3be43a7c0ea27260d50,c4295b913119b04f3c9d28a7bfd524f1,1.0,2,2,2
ae4040757eb5b3be43a7c0ea27260d50,d9752ac494a2b97507fd2faa478cabd9,1.0,2,2,2
ae4040757eb5b3be43a7c0ea27260d50,e1015df046a6e086818dc851b65c2392,1.0,2,2,2
ae4040757eb5b3be43a7c0ea27260d50,e238fba997eec80e48bf8d8689877d89,1.0,2,2,2
ae4040757eb5b3be43a7c0ea27260d50,ec8cf19822473555370553d399f7a654,1.0,2,2,2
af417df88fa589d65603e559ee80a22c,c4295b913119b04f3c9d28a7bfd524f1,1.0,2,2,2
af417df88fa589d65603e559ee80a22c,d9752ac494a2b97507fd2faa478cabd9,1.0,2,2,2
af417df88fa589d65603e559ee80a22c,e1015df046a6e086818dc851b65c2392,1.0,2,2,2
af417df88fa589d65603e559ee80a22c,e238fba997eec80e48bf8d8689877d89,1.0,2,2,2
af417df88fa589d65603e559ee80a22c,ec8cf19822473555370553d399f7a654,1.0,2,2,2
c0140285255813aa0830caed71942ed5,d419aaf930662d4df4ee988b75b9123c,1.0,2,2,2
c4295b913119b04f3c9d28a7bfd524f1,d9752ac494a2b97507fd2faa478cabd9,1.0,2,2,2
c4295b913119b04f3c9d28a7bfd524f1,e1015df046a6e086818dc851b65c2392,1.0,2,2,2
c4295b913119b04f3c9d28a7bfd524f1,e238fba997eec80e48bf8d8689877d89,1.0,2,2,2
c4295b913119b04f3c9d28a7bfd524f1,ec8cf19822473555370553d399f7a654,1.0,2,2,2
d9752ac494a2b97507fd2faa478cabd9,e1015df046a6e086818dc851b65c2392,1.0,2,2,2
d9752ac494a2b97507fd2faa478cabd9,e238fba997eec80e48bf8d8689877d89,1.0,2,2,2
d9752ac494a2b97507fd2faa478cabd9,ec8cf19822473555370553d399f7a654,1.0,2,2,2
e1015df046a6e086818dc851b65c2392,e238fba997eec80e48bf8d8689877d89,1.0,2,2,2
e1015df046a6e086818dc851b65c2392,ec8cf19822473555370553d399f7a654,1.0,2,2,2
e238fba997eec80e48bf8d8689877d89,ec8cf19822473555370553d399f7a654,1.0,2,2,2
00ec23a308504080697e5204d3dbcb2c,4deaa9aac5d5939feb62de62e7d24b50,1.0,2,2,2
00ec23a308504080697e5204d3dbcb2c,500916dd05e1a0eef077815b20b9b644,1.0,2,2,2
00ec23a308504080697e5204d3dbcb2c,f71f43f5a8dc56beb6ebdabf0d82e802,1.0,2,2,2
4deaa9aac5d5939feb62de62e7d24b50,500916dd05e1a0eef077815b20b9b644,1.0,2,2,2
4deaa9aac5d5939feb62de62e7d24b50,f71f43f5a8dc56beb6ebdabf0d82e802,1.0,2,2,2
500916dd05e1a0eef077815b20b9b644,f71f43f5a8dc56beb6ebdabf0d82e802,1.0,2,2,2
05fb25843c4048d1ce40611d11966278,09ecbbc6902ae2add46294a42e3a59f1,1.0,2,2,2
05fb25843c4048d1ce40611d11966278,0d52f8cd8892f109a15803df169113b6,1.0,2,2,2
05fb25843c4048d1ce40611d11966278,444afd392665f1cc1f3b65ec48063735,1.0,2,2,2
05fb25843c4048d1ce40611d11966278,4b72c220414716bd4464a30fac305adc,1.0,2,2,2
05fb25843c4048d1ce40611d11966278,79a932ef36d3058a3bff9ed1a8d31b4c,1.0,2,2,2
05fb25843c4048d1ce40611d11966278,a24587c47d40ff560266576b543d16d8,1.0,2,2,2
05fb25843c4048d1ce40611d11966278,ae8482b27b2119e2c3278f5ddf9c1024,1.0,2,2,2
05fb25843c4048d1ce40611d11966278,e261fc64438c07bf3f12e82fe26c0682,1.0,2,2,2
05fb25843c4048d1ce40611d11966278,f46ebdbd5c48c0683980a759b8937912,1.0,2,2,2
05fb25843c4048d1ce40611d11966278,fd46f99e9913ddee8a6ce5f91d65cf09,1.0,2,2,2
09ecbbc6902ae2add46294a42e3a59f1,0d52f8cd8892f109a15803df169113b6,1.0,2,2,2
09ecbbc6902ae2add46294a42e3a59f1,444afd392665f1cc1f3b65ec48063735,1.0,2,2,2
09ecbbc6902ae2add46294a42e3a59f1,4b72c220414716bd4464a30fac305adc,1.0,2,2,2
09ecbbc6902ae2add46294a42e3a59f1,79a932ef36d3058a3bff9ed1a8d31b4c,1.0,2,2,2
09ecbbc6902ae2add46294a42e3a59f1,a24587c47d40ff560266576b543d16d8,1.0,2,2,2
09ecbbc6902ae2add46294a42e3a59f1,ae8482b27b2119e2c3278f5ddf9c1024,1.0,2,2,2
09ecbbc6902ae2add46294a42e3a59f1,e261fc64438c07bf3f12e82fe26c0682,1.0,2,2,2
09ecbbc6902ae2add46294a42e3a59f1,f46ebdbd5c48c0683980a759b8937912,1.0,2,2,2
09ecbbc6902ae2add46294a42e3a59f1,fd46f99e9913ddee8a6ce5f91d65cf09,1.0,2,2,2
0d52f8cd8892f109a15803df169113b6,444afd392665f1cc1f3b65ec48063735,1.0,2,2,2
0d52f8cd8892f109a15803df169113b6,4b72c220414716bd4464a30fac305adc,1.0,2,2,2
0d52f8cd8892f109a15803df169113b6,79a932ef36d3058a3bff9ed1a8d31b4c,1.0,2,2,2
0d52f8cd8892f109a15803df169113b6,a24587c47d40ff560266576b543d16d8,1.0,2,2,2
0d52f8cd8892f109a15803df169113b6,ae8482b27b2119e2c3278f5ddf9c1024,1.0,2,2,2
0d52f8cd8892f109a15803df169113b6,e261fc64438c07bf3f12e82fe26c0682,1.0,2,2,2
0d52f8cd8892f109a15803df169113b6,f46ebdbd5c48c0683980a759b8937912,1.0,2,2,2
0d52f8cd8892f109a15803df169113b6,fd46f99e9913ddee8a6ce5f91d65cf09,1.0,2,2,2
444afd392665f1cc1f3b65ec48063735,4b72c220414716bd4464a30fac305adc,1.0,2,2,2
444afd392665f1cc1f3b65ec48063735,79a932ef36d3058a3bff9ed1a8d31b4c,1.0,2,2,2
444afd392665f1cc1f3b65ec48063735,a24587c47d40ff560266576b543d16d8,1.0,2,2,2
444afd392665f1cc1f3b65ec48063735,ae8482b27b2119e2c3278f5ddf9c1024,1.0,2,2,2
444afd392665f1cc1f3b65ec48063735,e261fc64438c07bf3f12e82fe26c0682,1.0,2,2,2
444afd392665f1cc1f3b65ec48063735,f46ebdbd5c48c0683980a759b8937912,1.0,2,2,2
444afd392665f1cc1f3b65ec48063735,fd46f99e9913ddee8a6ce5f91d65cf09,1.0,2,2,2
4b72c220414716bd4464a30fac305adc,79a932ef36d3058a3bff9ed1a8d31b4c,1.0,2,2,2
4b72c220414716bd4464a30fac305adc,a24587c47d40ff560266576b543d16d8,1.0,2,2,2
4b72c220414716bd4464a30fac305adc,ae8482b27b2119e2c3278f5ddf9c1024,1.0,2,2,2
4b72c220414716bd4464a30fac305adc,e261fc64438c07bf3f12e82fe26c0682,1.0,2,2,2
4b72c220414716bd4464a30fac305adc,f46ebdbd5c48c0683980a759b8937912,1.0,2,2,2
4b72c220414716bd4464a30fac305adc,fd46f99e9913ddee8a6ce5f91d65cf09,1.0,2,2,2
79a932ef36d3058a3bff9ed1a8d31b4c,a24587c47d40ff560266576b543d16d8,1.0,2,2,2
79a932ef36d3058a3bff9ed1a8d31b4c,ae8482b27b2119e2c3278f5ddf9c1024,1.0,2,2,2
79a932ef36d3058a3bff9ed1a8d31b4c,e261fc64438c07bf3f12e82fe26c0682,1.0,2,2,2
79a932ef36d3058a3bff9ed1a8d31b4c,f46ebdbd5c48c0683980a759b8937912,1.0,2,2,2
79a932ef36d3058a3bff9ed1a8d31b4c,fd46f99e9913ddee8a6ce5f91d65cf09,1.0,2,2,2
a24587c47d40ff560266576b543d16d8,ae8482b27b2119e2c3278f5ddf9c1024,1.0,2,2,2
a24587c47d40ff560266576b543d16d8,e261fc64438c07bf3f12e82fe26c0682,1.0,2,2,2
a24587c47d40ff560266576b543d16d8,f46ebdbd5c48c0683980a759b8937912,1.0,2,2,2
a24587c47d40ff560266576b543d16d8,fd46f99e9913ddee8a6ce5f91d65cf09,1.0,2,2,2
ae8482b27b2119e2c3278f5ddf9c1024,e261fc64438c07bf3f12e82fe26c0682,1.0,2,2,2
ae8482b27b2119e2c3278f5ddf9c1024,f46ebdbd5c48c0683980a759b8937912,1.0,2,2,2
ae8482b27b2119e2c3278f5ddf9c1024,fd46f99e9913ddee8a6ce5f91d65cf09,1.0,2,2,2
e261fc64438c07bf3f12e82fe26c0682,f46ebdbd5c48c0683980a759b8937912,1.0,2,2,2
e261fc64438c07bf3f12e82fe26c0682,fd46f99e9913ddee8a6ce5f91d65cf09,1.0,2,2,2
f46ebdbd5c48c0683980a759b8937912,fd46f99e9913ddee8a6ce5f91d65cf09,1.0,2,2,2
730e4b7ede33b484516435d39ab4dc49,be4cb52f1e018e4ad1abc82eac59bfd3,1.0,2,2,2
730e4b7ede33b484516435d39ab4dc49,edd176efa31cbfc929efbac163cb45a6,1.0,2,2,2
be4cb52f1e018e4ad1abc82eac59bfd3,edd176efa31cbfc929efbac163cb45a6,1.0,2,2,2
5ace05247b6926d3e595ac4de6620b1d,b9fc2d4c90bdadc7052fabe8353084ed,1.0,2,2,2
00e8cbf31206edcf22b7b118daa13983,8266a33ae45def22e9a5142f504746f1,1.0,2,2,2
2666a61d9b5755651665549f80bb3450,fb0e46dc6bf9064d27702ba51c66e8ae,1.0,2,2,2
4654e5ef29b043f05bbd28af25225a50,54a0adda1e4280f00619da4f756ebad3,1.0,2,2,2
0b1ef8f1c964c96702a47c381c61f84f,38775863e907bb656c90a73fbc8083e4,1.0,2,2,2
0b1ef8f1c964c96702a47c381c61f84f,4f928a6270233d6c7c4e73919fa12295,1.0,2,2,2
0b1ef8f1c964c96702a47c381c61f84f,5b40b6d003822b8ff229a910784fe4e5,1.0,2,2,2
0b1ef8f1c964c96702a47c381c61f84f,7f0a32f4af1dd3e5f0c45a633ace40ba,1.0,2,2,2
38775863e907bb656c90a73fbc8083e4,4f928a6270233d6c7c4e73919fa12295,1.0,2,2,2
38775863e907bb656c90a73fbc8083e4,5b40b6d003822b8ff229a910784fe4e5,1.0,2,2,2
38775863e907bb656c90a73fbc8083e4,7f0a32f4af1dd3e5f0c45a633ace40ba,1.0,2,2,2
4f928a6270233d6c7c4e73919fa12295,5b40b6d003822b8ff229a910784fe4e5,1.0,2,2,2
4f928a6270233d6c7c4e73919fa12295,7f0a32f4af1dd3e5f0c45a633ace40ba,1.0,2,2,2
5b40b6d003822b8ff229a910784fe4e5,7f0a32f4af1dd3e5f0c45a633ace40ba,1.0,2,2,2
397017a63f9c38e08a205d660a5d3019,3e332338454c5752a0ff8cb3858fabfb,1.0,2,2,2
9b82602fc3e9a153752f16553752d58d,c632f50941cea29d2d1501813c183dcf,1.0,2,2,2
56e3a158ef88285f2c15a83db0b13d93,b1039a56990acdddd5438aea568557db,1.0,2,2,2
0130baad44d0ccc44bc7526c1ac18c64,3413f9bca7b61d654f1da9a0afd68c7b,1.0,2,2,2
27259fad9054fce994a70f1d117bc402,55bea30cd78db302debc515e81a851d4,1.0,2,2,2
27259fad9054fce994a70f1d117bc402,651ed17eda0600815cf614b33c535d6b,1.0,2,2,2
27259fad9054fce994a70f1d117bc402,8fe4f9a0d6a47babbd498127a9109bd1,1.0,2,2,2
27259fad9054fce994a70f1d117bc402,a676674630bb75afa401d173d691473e,1.0,2,2,2
27259fad9054fce994a70f1d117bc402,a95a7250342fa968f37ddc74a5199ae6,1.0,2,2,2
55bea30cd78db302debc515e81a851d4,651ed17eda0600815cf614b33c535d6b,1.0,2,2,2
55bea30cd78db302debc515e81a851d4,8fe4f9a0d6a47babbd498127a9109bd1,1.0,2,2,2
55bea30cd78db302debc515e81a851d4,a676674630bb75afa401d173d691473e,1.0,2,2,2
55bea30cd78db302debc515e81a851d4,a95a7250342fa968f37ddc74a5199ae6,1.0,2,2,2
651ed17eda0600815cf614b33c535d6b,8fe4f9a0d6a47babbd498127a9109bd1,1.0,2,2,2
651ed17eda0600815cf614b33c535d6b,a676674630bb75afa401d173d691473e,1.0,2,2,2
651ed17eda0600815cf614b33c535d6b,a95a7250342fa968f37ddc74a5199ae6,1.0,2,2,2
8fe4f9a0d6a47babbd498127a9109bd1,a676674630bb75afa401d173d691473e,1.0,2,2,2
8fe4f9a0d6a47babbd498127a9109bd1,a95a7250342fa968f37ddc74a5199ae6,1.0,2,2,2
a676674630bb75afa401d173d691473e,a95a7250342fa968f37ddc74a5199ae6,1.0,2,2,2
35bbb96d850c5f9ab81302b4dd1670c4,de0bf4b52c6b76e5ddc39b9bd24bbb26,1.0,2,2,2
40aff2666e4f64f660c941072c6e2521,43f94ca19cdd8f90882d20383806d388,1.0,2,2,2
6746118163577769f5bad6a82a0b0790,69333c9b0482a31b66b050c1c62f8cec,1.0,2,2,2
6746118163577769f5bad6a82a0b0790,87edab45c7b7068800caa444e90bf164,1.0,2,2,2
69333c9b0482a31b66b050c1c62f8cec,87edab45c7b7068800caa444e90bf164,1.0,2,2,2
481d9ef7f22b196a3112b031c1b972d1,577786ab410d98d13e0a00878cd9e8fa,1.0,2,2,2
481d9ef7f22b196a3112b031c1b972d1,70fc429b7bf128070c74d50e27d0c6a2,1.0,2,2,2
481d9ef7f22b196a3112b031c1b972d1,ae1d1e3aace44aeae97187488325c43f,1.0,2,2,2
577786ab410d98d13e0a00878cd9e8fa,70fc429b7bf128070c74d50e27d0c6a2,1.0,2,2,2
577786ab410d98d13e0a00878cd9e8fa,ae1d1e3aace44aeae97187488325c43f,1.0,2,2,2
70fc429b7bf128070c74d50e27d0c6a2,ae1d1e3aace44aeae97187488325c43f,1.0,2,2,2
760aa83faf9321a80f455369d7339a0a,f46971f1ac7b376b668114a027c98e78,1.0,2,2,2
2bfb41d07316202af02dd28b825028d0,2ecb8546a5c0ea3c74dfa8b77a321370,1.0,2,2,2
2bfb41d07316202af02dd28b825028d0,3fdd5f758dedbccffc537354946aa3b6,1.0,2,2,2
2bfb41d07316202af02dd28b825028d0,8fa60adf18fe4fd010cad0b48f6fedb4,1.0,2,2,2
2bfb41d07316202af02dd28b825028d0,aaad6d68de5490cba508e4203ddc87de,1.0,2,2,2
2bfb41d07316202af02dd28b825028d0,b4324bf24671bd5c4ebfcd2a8c639e86,1.0,2,2,2
2bfb41d07316202af02dd28b825028d0,c735c714dbe80672320182bb48bba3ba,1.0,2,2,2
2ecb8546a5c0ea3c74dfa8b77a321370,3fdd5f758dedbccffc537354946aa3b6,1.0,2,2,2
2ecb8546a5c0ea3c74dfa8b77a321370,8fa60adf18fe4fd010cad0b48f6fedb4,1.0,2,2,2
2ecb8546a5c0ea3c74dfa8b77a321370,aaad6d68de5490cba508e4203ddc87de,1.0,2,2,2
2ecb8546a5c0ea3c74dfa8b77a321370,b4324bf24671bd5c4ebfcd2a8c639e86,1.0,2,2,2
2ecb8546a5c0ea3c74dfa8b77a321370,c735c714dbe80672320182bb48bba3ba,1.0,2,2,2
3fdd5f758dedbccffc537354946aa3b6,8fa60adf18fe4fd010cad0b48f6fedb4,1.0,2,2,2
3fdd5f758dedbccffc537354946aa3b6,aaad6d68de5490cba508e4203ddc87de,1.0,2,2,2
3fdd5f758dedbccffc537354946aa3b6,b4324bf24671bd5c4ebfcd2a8c639e86,1.0,2,2,2
3fdd5f758dedbccffc537354946aa3b6,c735c714dbe80672320182bb48bba3ba,1.0,2,2,2
8fa60adf18fe4fd010cad0b48f6fedb4,aaad6d68de5490cba508e4203ddc87de,1.0,2,2,2
8fa60adf18fe4fd010cad0b48f6fedb4,b4324bf24671bd5c4ebfcd2a8c639e86,1.0,2,2,2
8fa60adf18fe4fd010cad0b48f6fedb4,c735c714dbe80672320182bb48bba3ba,1.0,2,2,2
aaad6d68de5490cba508e4203ddc87de,b4324bf24671bd5c4ebfcd2a8c639e86,1.0,2,2,2
aaad6d68de5490cba508e4203ddc87de,c735c714dbe80672320182bb48bba3ba,1.0,2,2,2
b4324bf24671bd5c4ebfcd2a8c639e86,c735c714dbe80672320182bb48bba3ba,1.0,2,2,2
1a716867d4991435608b0c3296384801,74ef2468836d147c610bc829ecd77677,1.0,2,2,2
6782d39234f06de1548c8e8514082d63,891e01e2ab20f46c3e5602cd958c1ec7,1.0,2,2,2
6bcce41d3b905cf26ad66b9fe760bbc0,d1d5df8c1c5a2a239bbd30a2b2685f66,1.0,2,2,2
7e13c5b52f3f0e1979723ff4b9051904,96278eb6dace1f0dce1f78d760d5587f,1.0,2,2,2
7e13c5b52f3f0e1979723ff4b9051904,bf021b222ddfd6549c1ae7b11a8522d8,1.0,2,2,2
7e13c5b52f3f0e1979723ff4b9051904,c1e936d4c4fd02c66085ed43914d0b67,1.0,2,2,2
7e13c5b52f3f0e1979723ff4b9051904,d4e365482617be6d91e1271aa793b3c2,1.0,2,2,2
96278eb6dace1f0dce1f78d760d5587f,bf021b222ddfd6549c1ae7b11a8522d8,1.0,2,2,2
96278eb6dace1f0dce1f78d760d5587f,c1e936d4c4fd02c66085ed43914d0b67,1.0,2,2,2
96278eb6dace1f0dce1f78d760d5587f,d4e365482617be6d91e1271aa793b3c2,1.0,2,2,2
bf021b222ddfd6549c1ae7b11a8522d8,c1e936d4c4fd02c66085ed43914d0b67,1.0,2,2,2
bf021b222ddfd6549c1ae7b11a8522d8,d4e365482617be6d91e1271aa793b3c2,1.0,2,2,2
c1e936d4c4fd02c66085ed43914d0b67,d4e365482617be6d91e1271aa793b3c2,1.0,2,2,2
024bc6c3997170f0ca30edba8ba8aa55,3ce1c87f5a41df6487cde6bb63eda741,1.0,2,2,2
4d46468a975352fcca7ab6e1d828fea8,e49047a4c83acc67477aea24e68e0d10,1.0,2,2,2
a2d2201f14b81eb836de9fef6d305311,e7ea4c3049b0ffcb326d8fcf44a06c05,1.0,2,2,2
02b20b7c813efede140142ac610e36dc,080a538ba865739bd97c3ffd9e71bcf0,1.0,2,2,2
02b20b7c813efede140142ac610e36dc,0f10d99ee99ca3d0489f2f2169b41ec3,1.0,2,2,2
02b20b7c813efede140142ac610e36dc,1412559410af5e92c35e053fd6acd006,1.0,2,2,2
02b20b7c813efede140142ac610e36dc,2a532e879c1278727d9d7001890cd333,1.0,2,2,2
02b20b7c813efede140142ac610e36dc,357ae7be4a22fee3a22cca59f6b681fc,1.0,2,2,2
02b20b7c813efede140142ac610e36dc,4d1fe8b6f5e9ee044a14467c8b2832b6,1.0,2,2,2
02b20b7c813efede140142ac610e36dc,5e6ff5789e4d6b6d6f2a801e4da72e7a,1.0,2,2,2
02b20b7c813efede140142ac610e36dc,5ebd246be48ec18bf3859966284333f8,1.0,2,2,2
02b20b7c813efede140142ac610e36dc,70c976663a07ebfd35d81c6179258391,1.0,2,2,2
02b20b7c813efede140142ac610e36dc,750550f1fbf777d9383acb856bc593dd,1.0,2,2,2
02b20b7c813efede140142ac610e36dc,96d3a3257161c32fe93aea0e38b16515,1.0,2,2,2
02b20b7c813efede140142ac610e36dc,9a2344afe2d1a43559906bd456567a9b,1.0,2,2,2
02b20b7c813efede140142ac610e36dc,9cb94124fb0fda10d04fccc5477573b6,1.0,2,2,2
02b20b7c813efede140142ac610e36dc,a7751ca7aa429b41cf9065a425d52aea,1.0,2,2,2
02b20b7c813efede140142ac610e36dc,b410d7fd96e7ff12af1d2f87aae875a8,1.0,2,2,2
02b20b7c813efede140142ac610e36dc,b7741f7ec50ab6bcd52ab08ea8f214d9,1.0,2,2,2
02b20b7c813efede140142ac610e36dc,ce87153ae6d1e210517154ec1057aad5,1.0,2,2,2
02b20b7c813efede140142ac610e36dc,d535471db72095137da93810c98af688,1.0,2,2,2
02b20b7c813efede140142ac610e36dc,e6f18fab493c0bdc553eafd9b66cb5f2,1.0,2,2,2
02b20b7c813efede140142ac610e36dc,f30856ad31d3e74253a3f4ccef670648,1.0,2,2,2
080a538ba865739bd97c3ffd9e71bcf0,0f10d99ee99ca3d0489f2f2169b41ec3,1.0,2,2,2
080a538ba865739bd97c3ffd9e71bcf0,1412559410af5e92c35e053fd6acd006,1.0,2,2,2
080a538ba865739bd97c3ffd9e71bcf0,2a532e879c1278727d9d7001890cd333,1.0,2,2,2
080a538ba865739bd97c3ffd9e71bcf0,357ae7be4a22fee3a22cca59f6b681fc,1.0,2,2,2
080a538ba865739bd97c3ffd9e71bcf0,4d1fe8b6f5e9ee044a14467c8b2832b6,1.0,2,2,2
080a538ba865739bd97c3ffd9e71bcf0,5e6ff5789e4d6b6d6f2a801e4da72e7a,1.0,2,2,2
080a538ba865739bd97c3ffd9e71bcf0,5ebd246be48ec18bf3859966284333f8,1.0,2,2,2
080a538ba865739bd97c3ffd9e71bcf0,70c976663a07ebfd35d81c6179258391,1.0,2,2,2
080a538ba865739bd97c3ffd9e71bcf0,750550f1fbf777d9383acb856bc593dd,1.0,2,2,2
080a538ba865739bd97c3ffd9e71bcf0,96d3a3257161c32fe93aea0e38b16515,1.0,2,2,2
080a538ba865739bd97c3ffd9e71bcf0,9a2344afe2d1a43559906bd456567a9b,1.0,2,2,2
080a538ba865739bd97c3ffd9e71bcf0,9cb94124fb0fda10d04fccc5477573b6,1.0,2,2,2
080a538ba865739bd97c3ffd9e71bcf0,a7751ca7aa429b41cf9065a425d52aea,1.0,2,2,2
080a538ba865739bd97c3ffd9e71bcf0,b410d7fd96e7ff12af1d2f87aae875a8,1.0,2,2,2
080a538ba865739bd97c3ffd9e71bcf0,b7741f7ec50ab6bcd52ab08ea8f214d9,1.0,2,2,2
080a538ba865739bd97c3ffd9e71bcf0,ce87153ae6d1e210517154ec1057aad5,1.0,2,2,2
080a538ba865739bd97c3ffd9e71bcf0,d535471db72095137da93810c98af688,1.0,2,2,2
080a538ba865739bd97c3ffd9e71bcf0,e6f18fab493c0bdc553eafd9b66cb5f2,1.0,2,2,2
080a538ba865739bd97c3ffd9e71bcf0,f30856ad31d3e74253a3f4ccef670648,1.0,2,2,2
0ddba04798f1c085d0ca93af0e91f6c1,200d8b1f16d0cc9600022fdc99987a7f,1.0,2,2,2
0ddba04798f1c085d0ca93af0e91f6c1,210bec49b9e200df48dd3f31310d606e,1.0,2,2,2
0ddba04798f1c085d0ca93af0e91f6c1,237dfb57ee5ac9e68310bfd4bd816149,1.0,2,2,2
0ddba04798f1c085d0ca93af0e91f6c1,2708339a3f5355f56983737d54fbce59,1.0,2,2,2
0ddba04798f1c085d0ca93af0e91f6c1,2c03431d52e6ae4479a2a2310fb2e481,1.0,2,2,2
0ddba04798f1c085d0ca93af0e91f6c1,3578707d5fbfaaad05a3862a179bf76d,1.0,2,2,2
0ddba04798f1c085d0ca93af0e91f6c1,399699e87adec3391203291418de34d1,1.0,2,2,2
0ddba04798f1c085d0ca93af0e91f6c1,3af5f7534be6d2d2d81562ee1dc98af2,1.0,2,2,2
0ddba04798f1c085d0ca93af0e91f6c1,3e5dd5efb71f831fffee3735c9e41e87,1.0,2,2,2
0ddba04798f1c085d0ca93af0e91f6c1,4279e2fb7de9c27f439fdb82e4f1281f,1.0,2,2,2
0ddba04798f1c085d0ca93af0e91f6c1,4e32c2752aeaa8d8b99da2b145a1c826,1.0,2,2,2
0ddba04798f1c085d0ca93af0e91f6c1,4f4a4c713a7892d9db23f694fc647d13,1.0,2,2,2
0ddba04798f1c085d0ca93af0e91f6c1,5261961eeb22ad480eafeb8829cddacf,1.0,2,2,2
0ddba04798f1c085d0ca93af0e91f6c1,5dda09ed137461608be539348c1dac39,1.0,2,2,2
0ddba04798f1c085d0ca93af0e91f6c1,65942a39d31e4aa627f0f65e0298ba2f,1.0,2,2,2
0ddba04798f1c085d0ca93af0e91f6c1,698a9cafcc15cac8cdbaee64adc6efbe,1.0,2,2,2
0ddba04798f1c085d0ca93af0e91f6c1,6d9cdc2c73e65c443351811fb9039bfa,1.0,2,2,2
0ddba04798f1c085d0ca93af0e91f6c1,6ff4f4fcdadf8410fcae5bad48d7044d,1.0,2,2,2
0ddba04798f1c085d0ca93af0e91f6c1,8418b8ecfc9702b5eacddc5e75a4dcca,1.0,2,2,2
0ddba04798f1c085d0ca93af0e91f6c1,87a305c45891600e0244ee26c0bf1fa9,1.0,2,2,2
0ddba04798f1c085d0ca93af0e91f6c1,90c312d2299d36c16bbaa3d717b3dfba,1.0,2,2,2
0ddba04798f1c085d0ca93af0e91f6c1,91da289fa4deba62c108246d150a8f4e,1.0,2,2,2
0ddba04798f1c085d0ca93af0e91f6c1,97ba9c6276256eca910e8d36e78abfa8,1.0,2,2,2
0ddba04798f1c085d0ca93af0e91f6c1,a231b02134665d0d59438a0008e6e082,1.0,2,2,2
0ddba04798f1c085d0ca93af0e91f6c1,a57efc75b64a030eb02c4ebe7f48e45f,1.0,2,2,2
0ddba04798f1c085d0ca93af0e91f6c1,a8953e3d7677addada63eee79b91e7ff,1.0,2,2,2
0ddba04798f1c085d0ca93af0e91f6c1,aab579a39b1b5c223c2e1a4bbf8ff977,1.0,2,2,2
0ddba04798f1c085d0ca93af0e91f6c1,aebd72416330dcdb02e8d478fd81c9f6,1.0,2,2,2
0ddba04798f1c085d0ca93af0e91f6c1,b0b219d68cb80e8440a7fccd3dab3851,1.0,2,2,2
0ddba04798f1c085d0ca93af0e91f6c1,b84dbaedbe3ea55d7cc0894fbea73910,1.0,2,2,2
0ddba04798f1c085d0ca93af0e91f6c1,bd6c1c99a4f6c28c98927351eb226e80,1.0,2,2,2
0ddba04798f1c085d0ca93af0e91f6c1,be4eb163762cf164f26f81021c4a5e97,1.0,2,2,2
0ddba04798f1c085d0ca93af0e91f6c1,bf257f507db19138f5bc4065313c1f87,1.0,2,2,2
0ddba04798f1c085d0ca93af0e91f6c1,c4ba227e9593faaf28a4ea8e5ec6c93f,1.0,2,2,2
0ddba04798f1c085d0ca93af0e91f6c1,cf4935767b14a8312de405de5d5bbdb5,1.0,2,2,2
0ddba04798f1c085d0ca93af0e91f6c1,dfbebe96520c2a101d602c7d003764ba,1.0,2,2,2
0ddba04798f1c085d0ca93af0e91f6c1,e225b3c270984a8097a136089a11aea9,1.0,2,2,2
0ddba04798f1c085d0ca93af0e91f6c1,e301216623168d227eb0b0a3aabb1e62,1.0,2,2,2
0ddba04798f1c085d0ca93af0e91f6c1,e8b4b9cf7e6a2e6e13371f3439a4a1ba,1.0,2,2,2
0ddba04798f1c085d0ca93af0e91f6c1,ea77749bef0ca28ab93f391cda660f71,1.0,2,2,2
0ddba04798f1c085d0ca93af0e91f6c1,f64075e7fa628bdc6c3e7c3108d7c624,1.0,2,2,2
0f10d99ee99ca3d0489f2f2169b41ec3,1412559410af5e92c35e053fd6acd006,1.0,2,2,2
0f10d99ee99ca3d0489f2f2169b41ec3,2a532e879c1278727d9d7001890cd333,1.0,2,2,2
0f10d99ee99ca3d0489f2f2169b41ec3,357ae7be4a22fee3a22cca59f6b681fc,1.0,2,2,2
0f10d99ee99ca3d0489f2f2169b41ec3,4d1fe8b6f5e9ee044a14467c8b2832b6,1.0,2,2,2
0f10d99ee99ca3d0489f2f2169b41ec3,5e6ff5789e4d6b6d6f2a801e4da72e7a,1.0,2,2,2
0f10d99ee99ca3d0489f2f2169b41ec3,5ebd246be48ec18bf3859966284333f8,1.0,2,2,2
0f10d99ee99ca3d0489f2f2169b41ec3,70c976663a07ebfd35d81c6179258391,1.0,2,2,2
0f10d99ee99ca3d0489f2f2169b41ec3,750550f1fbf777d9383acb856bc593dd,1.0,2,2,2
0f10d99ee99ca3d0489f2f2169b41ec3,96d3a3257161c32fe93aea0e38b16515,1.0,2,2,2
0f10d99ee99ca3d0489f2f2169b41ec3,9a2344afe2d1a43559906bd456567a9b,1.0,2,2,2
0f10d99ee99ca3d0489f2f2169b41ec3,9cb94124fb0fda10d04fccc5477573b6,1.0,2,2,2
0f10d99ee99ca3d0489f2f2169b41ec3,a7751ca7aa429b41cf9065a425d52aea,1.0,2,2,2
0f10d99ee99ca3d0489f2f2169b41ec3,b410d7fd96e7ff12af1d2f87aae875a8,1.0,2,2,2
0f10d99ee99ca3d0489f2f2169b41ec3,b7741f7ec50ab6bcd52ab08ea8f214d9,1.0,2,2,2
0f10d99ee99ca3d0489f2f2169b41ec3,ce87153ae6d1e210517154ec1057aad5,1.0,2,2,2
0f10d99ee99ca3d0489f2f2169b41ec3,d535471db72095137da93810c98af688,1.0,2,2,2
0f10d99ee99ca3d0489f2f2169b41ec3,e6f18fab493c0bdc553eafd9b66cb5f2,1.0,2,2,2
0f10d99ee99ca3d0489f2f2169b41ec3,f30856ad31d3e74253a3f4ccef670648,1.0,2,2,2
1412559410af5e92c35e053fd6acd006,2a532e879c1278727d9d7001890cd333,1.0,2,2,2
1412559410af5e92c35e053fd6acd006,357ae7be4a22fee3a22cca59f6b681fc,1.0,2,2,2
1412559410af5e92c35e053fd6acd006,4d1fe8b6f5e9ee044a14467c8b2832b6,1.0,2,2,2
1412559410af5e92c35e053fd6acd006,5e6ff5789e4d6b6d6f2a801e4da72e7a,1.0,2,2,2
1412559410af5e92c35e053fd6acd006,5ebd246be48ec18bf3859966284333f8,1.0,2,2,2
1412559410af5e92c35e053fd6acd006,70c976663a07ebfd35d81c6179258391,1.0,2,2,2
1412559410af5e92c35e053fd6acd006,750550f1fbf777d9383acb856bc593dd,1.0,2,2,2
1412559410af5e92c35e053fd6acd006,96d3a3257161c32fe93aea0e38b16515,1.0,2,2,2
1412559410af5e92c35e053fd6acd006,9a2344afe2d1a43559906bd456567a9b,1.0,2,2,2
1412559410af5e92c35e053fd6acd006,9cb94124fb0fda10d04fccc5477573b6,1.0,2,2,2
1412559410af5e92c35e053fd6acd006,a7751ca7aa429b41cf9065a425d52aea,1.0,2,2,2
1412559410af5e92c35e053fd6acd006,b410d7fd96e7ff12af1d2f87aae875a8,1.0,2,2,2
1412559410af5e92c35e053fd6acd006,b7741f7ec50ab6bcd52ab08ea8f214d9,1.0,2,2,2
1412559410af5e92c35e053fd6acd006,ce87153ae6d1e210517154ec1057aad5,1.0,2,2,2
1412559410af5e92c35e053fd6acd006,d535471db72095137da93810c98af688,1.0,2,2,2
1412559410af5e92c35e053fd6acd006,e6f18fab493c0bdc553eafd9b66cb5f2,1.0,2,2,2
1412559410af5e92c35e053fd6acd006,f30856ad31d3e74253a3f4ccef670648,1.0,2,2,2
200d8b1f16d0cc9600022fdc99987a7f,210bec49b9e200df48dd3f31310d606e,1.0,2,2,2
200d8b1f16d0cc9600022fdc99987a7f,237dfb57ee5ac9e68310bfd4bd816149,1.0,2,2,2
200d8b1f16d0cc9600022fdc99987a7f,2708339a3f5355f56983737d54fbce59,1.0,2,2,2
200d8b1f16d0cc9600022fdc99987a7f,2c03431d52e6ae4479a2a2310fb2e481,1.0,2,2,2
200d8b1f16d0cc9600022fdc99987a7f,3578707d5fbfaaad05a3862a179bf76d,1.0,2,2,2
200d8b1f16d0cc9600022fdc99987a7f,399699e87adec3391203291418de34d1,1.0,2,2,2
200d8b1f16d0cc9600022fdc99987a7f,3af5f7534be6d2d2d81562ee1dc98af2,1.0,2,2,2
200d8b1f16d0cc9600022fdc99987a7f,3e5dd5efb71f831fffee3735c9e41e87,1.0,2,2,2
200d8b1f16d0cc9600022fdc99987a7f,4279e2fb7de9c27f439fdb82e4f1281f,1.0,2,2,2
200d8b1f16d0cc9600022fdc99987a7f,4e32c2752aeaa8d8b99da2b145a1c826,1.0,2,2,2
200d8b1f16d0cc9600022fdc99987a7f,4f4a4c713a7892d9db23f694fc647d13,1.0,2,2,2
200d8b1f16d0cc9600022fdc99987a7f,5261961eeb22ad480eafeb8829cddacf,1.0,2,2,2
200d8b1f16d0cc9600022fdc99987a7f,5dda09ed137461608be539348c1dac39,1.0,2,2,2
200d8b1f16d0cc9600022fdc99987a7f,65942a39d31e4aa627f0f65e0298ba2f,1.0,2,2,2
200d8b1f16d0cc9600022fdc99987a7f,698a9cafcc15cac8cdbaee64adc6efbe,1.0,2,2,2
200d8b1f16d0cc9600022fdc99987a7f,6d9cdc2c73e65c443351811fb9039bfa,1.0,2,2,2
200d8b1f16d0cc9600022fdc99987a7f,6ff4f4fcdadf8410fcae5bad48d7044d,1.0,2,2,2
200d8b1f16d0cc9600022fdc99987a7f,8418b8ecfc9702b5eacddc5e75a4dcca,1.0,2,2,2
200d8b1f16d0cc9600022fdc99987a7f,87a305c45891600e0244ee26c0bf1fa9,1.0,2,2,2
200d8b1f16d0cc9600022fdc99987a7f,90c312d2299d36c16bbaa3d717b3dfba,1.0,2,2,2
200d8b1f16d0cc9600022fdc99987a7f,91da289fa4deba62c108246d150a8f4e,1.0,2,2,2
200d8b1f16d0cc9600022fdc99987a7f,97ba9c6276256eca910e8d36e78abfa8,1.0,2,2,2
200d8b1f16d0cc9600022fdc99987a7f,a231b02134665d0d59438a0008e6e082,1.0,2,2,2
200d8b1f16d0cc9600022fdc99987a7f,a57efc75b64a030eb02c4ebe7f48e45f,1.0,2,2,2
200d8b1f16d0cc9600022fdc99987a7f,a8953e3d7677addada63eee79b91e7ff,1.0,2,2,2
200d8b1f16d0cc9600022fdc99987a7f,aab579a39b1b5c223c2e1a4bbf8ff977,1.0,2,2,2
200d8b1f16d0cc9600022fdc99987a7f,aebd72416330dcdb02e8d478fd81c9f6,1.0,2,2,2
200d8b1f16d0cc9600022fdc99987a7f,b0b219d68cb80e8440a7fccd3dab3851,1.0,2,2,2
200d8b1f16d0cc9600022fdc99987a7f,b84dbaedbe3ea55d7cc0894fbea73910,1.0,2,2,2
200d8b1f16d0cc9600022fdc99987a7f,bd6c1c99a4f6c28c98927351eb226e80,1.0,2,2,2
200d8b1f16d0cc9600022fdc99987a7f,be4eb163762cf164f26f81021c4a5e97,1.0,2,2,2
200d8b1f16d0cc9600022fdc99987a7f,bf257f507db19138f5bc4065313c1f87,1.0,2,2,2
200d8b1f16d0cc9600022fdc99987a7f,c4ba227e9593faaf28a4ea8e5ec6c93f,1.0,2,2,2
200d8b1f16d0cc9600022fdc99987a7f,cf4935767b14a8312de405de5d5bbdb5,1.0,2,2,2
200d8b1f16d0cc9600022fdc99987a7f,dfbebe96520c2a101d602c7d003764ba,1.0,2,2,2
200d8b1f16d0cc9600022fdc99987a7f,e225b3c270984a8097a136089a11aea9,1.0,2,2,2
200d8b1f16d0cc9600022fdc99987a7f,e301216623168d227eb0b0a3aabb1e62,1.0,2,2,2
200d8b1f16d0cc9600022fdc99987a7f,e8b4b9cf7e6a2e6e13371f3439a4a1ba,1.0,2,2,2
200d8b1f16d0cc9600022fdc99987a7f,ea77749bef0ca28ab93f391cda660f71,1.0,2,2,2
200d8b1f16d0cc9600022fdc99987a7f,f64075e7fa628bdc6c3e7c3108d7c624,1.0,2,2,2
210bec49b9e200df48dd3f31310d606e,237dfb57ee5ac9e68310bfd4bd816149,1.0,2,2,2
210bec49b9e200df48dd3f31310d606e,2708339a3f5355f56983737d54fbce59,1.0,2,2,2
210bec49b9e200df48dd3f31310d606e,2c03431d52e6ae4479a2a2310fb2e481,1.0,2,2,2
210bec49b9e200df48dd3f31310d606e,3578707d5fbfaaad05a3862a179bf76d,1.0,2,2,2
210bec49b9e200df48dd3f31310d606e,399699e87adec3391203291418de34d1,1.0,2,2,2
210bec49b9e200df48dd3f31310d606e,3af5f7534be6d2d2d81562ee1dc98af2,1.0,2,2,2
210bec49b9e200df48dd3f31310d606e,3e5dd5efb71f831fffee3735c9e41e87,1.0,2,2,2
210bec49b9e200df48dd3f31310d606e,4279e2fb7de9c27f439fdb82e4f1281f,1.0,2,2,2
210bec49b9e200df48dd3f31310d606e,4e32c2752aeaa8d8b99da2b145a1c826,1.0,2,2,2
210bec49b9e200df48dd3f31310d606e,4f4a4c713a7892d9db23f694fc647d13,1.0,2,2,2
210bec49b9e200df48dd3f31310d606e,5261961eeb22ad480eafeb8829cddacf,1.0,2,2,2
210bec49b9e200df48dd3f31310d606e,5dda09ed137461608be539348c1dac39,1.0,2,2,2
210bec49b9e200df48dd3f31310d606e,65942a39d31e4aa627f0f65e0298ba2f,1.0,2,2,2
210bec49b9e200df48dd3f31310d606e,698a9cafcc15cac8cdbaee64adc6efbe,1.0,2,2,2
210bec49b9e200df48dd3f31310d606e,6d9cdc2c73e65c443351811fb9039bfa,1.0,2,2,2
210bec49b9e200df48dd3f31310d606e,6ff4f4fcdadf8410fcae5bad48d7044d,1.0,2,2,2
210bec49b9e200df48dd3f31310d606e,8418b8ecfc9702b5eacddc5e75a4dcca,1.0,2,2,2
210bec49b9e200df48dd3f31310d606e,87a305c45891600e0244ee26c0bf1fa9,1.0,2,2,2
210bec49b9e200df48dd3f31310d606e,90c312d2299d36c16bbaa3d717b3dfba,1.0,2,2,2
210bec49b9e200df48dd3f31310d606e,91da289fa4deba62c108246d150a8f4e,1.0,2,2,2
210bec49b9e200df48dd3f31310d606e,97ba9c6276256eca910e8d36e78abfa8,1.0,2,2,2
210bec49b9e200df48dd3f31310d606e,a231b02134665d0d59438a0008e6e082,1.0,2,2,2
210bec49b9e200df48dd3f31310d606e,a57efc75b64a030eb02c4ebe7f48e45f,1.0,2,2,2
210bec49b9e200df48dd3f31310d606e,a8953e3d7677addada63eee79b91e7ff,1.0,2,2,2
210bec49b9e200df48dd3f31310d606e,aab579a39b1b5c223c2e1a4bbf8ff977,1.0,2,2,2
210bec49b9e200df48dd3f31310d606e,aebd72416330dcdb02e8d478fd81c9f6,1.0,2,2,2
210bec49b9e200df48dd3f31310d606e,b0b219d68cb80e8440a7fccd3dab3851,1.0,2,2,2
210bec49b9e200df48dd3f31310d606e,b84dbaedbe3ea55d7cc0894fbea73910,1.0,2,2,2
210bec49b9e200df48dd3f31310d606e,bd6c1c99a4f6c28c98927351eb226e80,1.0,2,2,2
210bec49b9e200df48dd3f31310d606e,be4eb163762cf164f26f81021c4a5e97,1.0,2,2,2
210bec49b9e200df48dd3f31310d606e,bf257f507db19138f5bc4065313c1f87,1.0,2,2,2
210bec49b9e200df48dd3f31310d606e,c4ba227e9593faaf28a4ea8e5ec6c93f,1.0,2,2,2
210bec49b9e200df48dd3f31310d606e,cf4935767b14a8312de405de5d5bbdb5,1.0,2,2,2
210bec49b9e200df48dd3f31310d606e,dfbebe96520c2a101d602c7d003764ba,1.0,2,2,2
210bec49b9e200df48dd3f31310d606e,e225b3c270984a8097a136089a11aea9,1.0,2,2,2
210bec49b9e200df48dd3f31310d606e,e301216623168d227eb0b0a3aabb1e62,1.0,2,2,2
210bec49b9e200df48dd3f31310d606e,e8b4b9cf7e6a2e6e13371f3439a4a1ba,1.0,2,2,2
210bec49b9e200df48dd3f31310d606e,ea77749bef0ca28ab93f391cda660f71,1.0,2,2,2
210bec49b9e200df48dd3f31310d606e,f64075e7fa628bdc6c3e7c3108d7c624,1.0,2,2,2
237dfb57ee5ac9e68310bfd4bd816149,2708339a3f5355f56983737d54fbce59,1.0,2,2,2
237dfb57ee5ac9e68310bfd4bd816149,2c03431d52e6ae4479a2a2310fb2e481,1.0,2,2,2
237dfb57ee5ac9e68310bfd4bd816149,3578707d5fbfaaad05a3862a179bf76d,1.0,2,2,2
237dfb57ee5ac9e68310bfd4bd816149,399699e87adec3391203291418de34d1,1.0,2,2,2
237dfb57ee5ac9e68310bfd4bd816149,3af5f7534be6d2d2d81562ee1dc98af2,1.0,2,2,2
237dfb57ee5ac9e68310bfd4bd816149,3e5dd5efb71f831fffee3735c9e41e87,1.0,2,2,2
237dfb57ee5ac9e68310bfd4bd816149,4279e2fb7de9c27f439fdb82e4f1281f,1.0,2,2,2
237dfb57ee5ac9e68310bfd4bd816149,4e32c2752aeaa8d8b99da2b145a1c826,1.0,2,2,2
237dfb57ee5ac9e68310bfd4bd816149,4f4a4c713a7892d9db23f694fc647d13,1.0,2,2,2
237dfb57ee5ac9e68310bfd4bd816149,5261961eeb22ad480eafeb8829cddacf,1.0,2,2,2
237dfb57ee5ac9e68310bfd4bd816149,5dda09ed137461608be539348c1dac39,1.0,2,2,2
237dfb57ee5ac9e68310bfd4bd816149,65942a39d31e4aa627f0f65e0298ba2f,1.0,2,2,2
237dfb57ee5ac9e68310bfd4bd816149,698a9cafcc15cac8cdbaee64adc6efbe,1.0,2,2,2
237dfb57ee5ac9e68310bfd4bd816149,6d9cdc2c73e65c443351811fb9039bfa,1.0,2,2,2
237dfb57ee5ac9e68310bfd4bd816149,6ff4f4fcdadf8410fcae5bad48d7044d,1.0,2,2,2
237dfb57ee5ac9e68310bfd4bd816149,8418b8ecfc9702b5eacddc5e75a4dcca,1.0,2,2,2
237dfb57ee5ac9e68310bfd4bd816149,87a305c45891600e0244ee26c0bf1fa9,1.0,2,2,2
237dfb57ee5ac9e68310bfd4bd816149,90c312d2299d36c16bbaa3d717b3dfba,1.0,2,2,2
237dfb57ee5ac9e68310bfd4bd816149,91da289fa4deba62c108246d150a8f4e,1.0,2,2,2
237dfb57ee5ac9e68310bfd4bd816149,97ba9c6276256eca910e8d36e78abfa8,1.0,2,2,2
237dfb57ee5ac9e68310bfd4bd816149,a231b02134665d0d59438a0008e6e082,1.0,2,2,2
237dfb57ee5ac9e68310bfd4bd816149,a57efc75b64a030eb02c4ebe7f48e45f,1.0,2,2,2
237dfb57ee5ac9e68310bfd4bd816149,a8953e3d7677addada63eee79b91e7ff,1.0,2,2,2
237dfb57ee5ac9e68310bfd4bd816149,aab579a39b1b5c223c2e1a4bbf8ff977,1.0,2,2,2
237dfb57ee5ac9e68310bfd4bd816149,aebd72416330dcdb02e8d478fd81c9f6,1.0,2,2,2
237dfb57ee5ac9e68310bfd4bd816149,b0b219d68cb80e8440a7fccd3dab3851,1.0,2,2,2
237dfb57ee5ac9e68310bfd4bd816149,b84dbaedbe3ea55d7cc0894fbea73910,1.0,2,2,2
237dfb57ee5ac9e68310bfd4bd816149,bd6c1c99a4f6c28c98927351eb226e80,1.0,2,2,2
237dfb57ee5ac9e68310bfd4bd816149,be4eb163762cf164f26f81021c4a5e97,1.0,2,2,2
237dfb57ee5ac9e68310bfd4bd816149,bf257f507db19138f5bc4065313c1f87,1.0,2,2,2
237dfb57ee5ac9e68310bfd4bd816149,c4ba227e9593faaf28a4ea8e5ec6c93f,1.0,2,2,2
237dfb57ee5ac9e68310bfd4bd816149,cf4935767b14a8312de405de5d5bbdb5,1.0,2,2,2
237dfb57ee5ac9e68310bfd4bd816149,dfbebe96520c2a101d602c7d003764ba,1.0,2,2,2
237dfb57ee5ac9e68310bfd4bd816149,e225b3c270984a8097a136089a11aea9,1.0,2,2,2
237dfb57ee5ac9e68310bfd4bd816149,e301216623168d227eb0b0a3aabb1e62,1.0,2,2,2
237dfb57ee5ac9e68310bfd4bd816149,e8b4b9cf7e6a2e6e13371f3439a4a1ba,1.0,2,2,2
237dfb57ee5ac9e68310bfd4bd816149,ea77749bef0ca28ab93f391cda660f71,1.0,2,2,2
237dfb57ee5ac9e68310bfd4bd816149,f64075e7fa628bdc6c3e7c3108d7c624,1.0,2,2,2
2708339a3f5355f56983737d54fbce59,2c03431d52e6ae4479a2a2310fb2e481,1.0,2,2,2
2708339a3f5355f56983737d54fbce59,3578707d5fbfaaad05a3862a179bf76d,1.0,2,2,2
2708339a3f5355f56983737d54fbce59,399699e87adec3391203291418de34d1,1.0,2,2,2
2708339a3f5355f56983737d54fbce59,3af5f7534be6d2d2d81562ee1dc98af2,1.0,2,2,2
2708339a3f5355f56983737d54fbce59,3e5dd5efb71f831fffee3735c9e41e87,1.0,2,2,2
2708339a3f5355f56983737d54fbce59,4279e2fb7de9c27f439fdb82e4f1281f,1.0,2,2,2
2708339a3f5355f56983737d54fbce59,4e32c2752aeaa8d8b99da2b145a1c826,1.0,2,2,2
2708339a3f5355f56983737d54fbce59,4f4a4c713a7892d9db23f694fc647d13,1.0,2,2,2
2708339a3f5355f56983737d54fbce59,5261961eeb22ad480eafeb8829cddacf,1.0,2,2,2
2708339a3f5355f56983737d54fbce59,5dda09ed137461608be539348c1dac39,1.0,2,2,2
2708339a3f5355f56983737d54fbce59,65942a39d31e4aa627f0f65e0298ba2f,1.0,2,2,2
2708339a3f5355f56983737d54fbce59,698a9cafcc15cac8cdbaee64adc6efbe,1.0,2,2,2
2708339a3f5355f56983737d54fbce59,6d9cdc2c73e65c443351811fb9039bfa,1.0,2,2,2
2708339a3f5355f56983737d54fbce59,6ff4f4fcdadf8410fcae5bad48d7044d,1.0,2,2,2
2708339a3f5355f56983737d54fbce59,8418b8ecfc9702b5eacddc5e75a4dcca,1.0,2,2,2
2708339a3f5355f56983737d54fbce59,87a305c45891600e0244ee26c0bf1fa9,1.0,2,2,2
2708339a3f5355f56983737d54fbce59,90c312d2299d36c16bbaa3d717b3dfba,1.0,2,2,2
2708339a3f5355f56983737d54fbce59,91da289fa4deba62c108246d150a8f4e,1.0,2,2,2
2708339a3f5355f56983737d54fbce59,97ba9c6276256eca910e8d36e78abfa8,1.0,2,2,2
2708339a3f5355f56983737d54fbce59,a231b02134665d0d59438a0008e6e082,1.0,2,2,2
2708339a3f5355f56983737d54fbce59,a57efc75b64a030eb02c4ebe7f48e45f,1.0,2,2,2
2708339a3f5355f56983737d54fbce59,a8953e3d7677addada63eee79b91e7ff,1.0,2,2,2
2708339a3f5355f56983737d54fbce59,aab579a39b1b5c223c2e1a4bbf8ff977,1.0,2,2,2
2708339a3f5355f56983737d54fbce59,aebd72416330dcdb02e8d478fd81c9f6,1.0,2,2,2
2708339a3f5355f56983737d54fbce59,b0b219d68cb80e8440a7fccd3dab3851,1.0,2,2,2
2708339a3f5355f56983737d54fbce59,b84dbaedbe3ea55d7cc0894fbea73910,1.0,2,2,2
2708339a3f5355f56983737d54fbce59,bd6c1c99a4f6c28c98927351eb226e80,1.0,2,2,2
2708339a3f5355f56983737d54fbce59,be4eb163762cf164f26f81021c4a5e97,1.0,2,2,2
2708339a3f5355f56983737d54fbce59,bf257f507db19138f5bc4065313c1f87,1.0,2,2,2
2708339a3f5355f56983737d54fbce59,c4ba227e9593faaf28a4ea8e5ec6c93f,1.0,2,2,2
2708339a3f5355f56983737d54fbce59,cf4935767b14a8312de405de5d5bbdb5,1.0,2,2,2
2708339a3f5355f56983737d54fbce59,dfbebe96520c2a101d602c7d003764ba,1.0,2,2,2
2708339a3f5355f56983737d54fbce59,e225b3c270984a8097a136089a11aea9,1.0,2,2,2
