antecedent,antecedent_categories,consequent,consequent_categories,antecedent_support,consequent_support,support,support_count,confidence,lift
55bfa0307d7a46bed72c492259921231;e2cac69b319c0f8a21dbf04b925121bf,books_general_interest;books_general_interest,b9900407a55cb2b306ae612415c3340e,books_general_interest,3e-05,6.1e-05,3e-05,3,1.0,16444.33
b9900407a55cb2b306ae612415c3340e;e2cac69b319c0f8a21dbf04b925121bf,books_general_interest;books_general_interest,55bfa0307d7a46bed72c492259921231,books_general_interest,3e-05,6.1e-05,3e-05,3,1.0,16444.33
55bfa0307d7a46bed72c492259921231,books_general_interest,b9900407a55cb2b306ae612415c3340e;e2cac69b319c0f8a21dbf04b925121bf,books_general_interest;books_general_interest,6.1e-05,3e-05,3e-05,3,0.5,16444.33
b9900407a55cb2b306ae612415c3340e,books_general_interest,55bfa0307d7a46bed72c492259921231;e2cac69b319c0f8a21dbf04b925121bf,books_general_interest;books_general_interest,6.1e-05,3e-05,3e-05,3,0.5,16444.33
7eaf66aca1ed54df09b3c864b7416110,costruction_tools_garden,fc5dd987f12a7b823a76a44aa1ba88f6,unknown,4.1e-05,5.1e-05,3e-05,3,0.75,14799.9
fc5dd987f12a7b823a76a44aa1ba88f6,unknown,7eaf66aca1ed54df09b3c864b7416110,costruction_tools_garden,5.1e-05,4.1e-05,3e-05,3,0.6,14799.9
55bfa0307d7a46bed72c492259921231;b9900407a55cb2b306ae612415c3340e,books_general_interest;books_general_interest,e2cac69b319c0f8a21dbf04b925121bf,books_general_interest,3e-05,7.1e-05,3e-05,3,1.0,14095.14
e2cac69b319c0f8a21dbf04b925121bf,books_general_interest,55bfa0307d7a46bed72c492259921231;b9900407a55cb2b306ae612415c3340e,books_general_interest;books_general_interest,7.1e-05,3e-05,3e-05,3,0.4286,14095.14
07ffc018eaf23e086370dea42c74077b,costruction_tools_garden,fc5dd987f12a7b823a76a44aa1ba88f6,unknown,5.1e-05,5.1e-05,3e-05,3,0.6,11839.92
fc5dd987f12a7b823a76a44aa1ba88f6,unknown,07ffc018eaf23e086370dea42c74077b,costruction_tools_garden,5.1e-05,5.1e-05,3e-05,3,0.6,11839.92
0cfc9fea40ee0f7006d150fbdf3fa808,books_general_interest,480be8d20c4b6a7df1eae0f2c17f2db2,books_general_interest,3e-05,9.1e-05,3e-05,3,1.0,10962.89
480be8d20c4b6a7df1eae0f2c17f2db2,books_general_interest,0cfc9fea40ee0f7006d150fbdf3fa808,books_general_interest,9.1e-05,3e-05,3e-05,3,0.3333,10962.89
55bfa0307d7a46bed72c492259921231,books_general_interest,b9900407a55cb2b306ae612415c3340e,books_general_interest,6.1e-05,6.1e-05,3e-05,3,0.5,8222.17
b9900407a55cb2b306ae612415c3340e,books_general_interest,55bfa0307d7a46bed72c492259921231,books_general_interest,6.1e-05,6.1e-05,3e-05,3,0.5,8222.17
ad4b5def91ac7c575dbdf65b5be311f4,computers_accessories,e6b314a2236c162ede1a879f1075430f,computers_accessories,9.1e-05,9.1e-05,6.1e-05,6,0.6667,7308.59
e6b314a2236c162ede1a879f1075430f,computers_accessories,ad4b5def91ac7c575dbdf65b5be311f4,computers_accessories,9.1e-05,9.1e-05,6.1e-05,6,0.6667,7308.59
55bfa0307d7a46bed72c492259921231,books_general_interest,e2cac69b319c0f8a21dbf04b925121bf,books_general_interest,6.1e-05,7.1e-05,3e-05,3,0.5,7047.57
b9900407a55cb2b306ae612415c3340e,books_general_interest,e2cac69b319c0f8a21dbf04b925121bf,books_general_interest,6.1e-05,7.1e-05,3e-05,3,0.5,7047.57
e2cac69b319c0f8a21dbf04b925121bf,books_general_interest,55bfa0307d7a46bed72c492259921231,books_general_interest,7.1e-05,6.1e-05,3e-05,3,0.4286,7047.57
e2cac69b319c0f8a21dbf04b925121bf,books_general_interest,b9900407a55cb2b306ae612415c3340e,books_general_interest,7.1e-05,6.1e-05,3e-05,3,0.4286,7047.57
a2a91fe6d8762e0371abd964cef88ec6,housewares,100260bf9206d859dc8db128c8c5afc9,housewares,5.1e-05,9.1e-05,3e-05,3,0.6,6577.73
100260bf9206d859dc8db128c8c5afc9,housewares,a2a91fe6d8762e0371abd964cef88ec6,housewares,9.1e-05,5.1e-05,3e-05,3,0.3333,6577.73
3ce943997ff85cad84ec6770b35d6bcd,computers_accessories,b7d94dc0640c7025dc8e3b46b52d8239,computers_accessories,8.1e-05,0.000101,5.1e-05,5,0.625,6166.62
b7d94dc0640c7025dc8e3b46b52d8239,computers_accessories,3ce943997ff85cad84ec6770b35d6bcd,computers_accessories,0.000101,8.1e-05,5.1e-05,5,0.5,6166.62
e256d05115f9eb3766f3ab752132a4e2,computers_accessories,1dc7685f4fdb9622d84ae2ec658d5bbf,computers_accessories,8.1e-05,9.1e-05,4.1e-05,4,0.5,5481.44
1dc7685f4fdb9622d84ae2ec658d5bbf,computers_accessories,e256d05115f9eb3766f3ab752132a4e2,computers_accessories,9.1e-05,8.1e-05,4.1e-05,4,0.4444,5481.44
5bd7e57735a44e529bf066fee83a9c60,bed_bath_table,8b51c6ccc9c0548c951214e1cd1547ff,bed_bath_table,6.1e-05,0.000142,3e-05,3,0.5,3523.79
8b51c6ccc9c0548c951214e1cd1547ff,bed_bath_table,5bd7e57735a44e529bf066fee83a9c60,bed_bath_table,0.000142,6.1e-05,3e-05,3,0.2143,3523.79
0be487faac01dd57fd7ed17cfbdf2dee,bed_bath_table,4d272fe20c57c64dc74b3db191fc31ef,bed_bath_table,5.1e-05,0.000172,3e-05,3,0.6,3482.33
4d272fe20c57c64dc74b3db191fc31ef,bed_bath_table,0be487faac01dd57fd7ed17cfbdf2dee,bed_bath_table,0.000172,5.1e-05,3e-05,3,0.1765,3482.33
ad0a798e7941f3a5a2fb8139cb62ad78,bed_bath_table,946344697156947d846d27fe0d503033,bed_bath_table,0.000122,0.000152,6.1e-05,6,0.5,3288.87
946344697156947d846d27fe0d503033,bed_bath_table,ad0a798e7941f3a5a2fb8139cb62ad78,bed_bath_table,0.000152,0.000122,6.1e-05,6,0.4,3288.87
ff2c1ec09b1bb340e84f0d6b21cc7dbb,bed_bath_table,b0c89945c034268074f5f80b362bda34,bed_bath_table,6.1e-05,0.000162,3e-05,3,0.5,3083.31
fb29f48bfea41db52e349454f433340e,computers_accessories,6d2fde7d12bb6ff367dbda120ba8828e,computers_accessories,8.1e-05,0.000122,3e-05,3,0.375,3083.31
6d2fde7d12bb6ff367dbda120ba8828e,computers_accessories,fb29f48bfea41db52e349454f433340e,computers_accessories,0.000122,8.1e-05,3e-05,3,0.25,3083.31
b0c89945c034268074f5f80b362bda34,bed_bath_table,ff2c1ec09b1bb340e84f0d6b21cc7dbb,bed_bath_table,0.000162,6.1e-05,3e-05,3,0.1875,3083.31
5d790355cbeded0cd60e25cbc4c527a2,computers_accessories,5fc3e6a4b52b0c414458104ed4037f1c,computers_accessories,0.000162,0.000193,6.1e-05,6,0.375,1947.36
5fc3e6a4b52b0c414458104ed4037f1c,computers_accessories,5d790355cbeded0cd60e25cbc4c527a2,computers_accessories,0.000193,0.000162,6.1e-05,6,0.3158,1947.36
6e423c2d28bfb207e1fd1d6e1df84721,perfumery,fbc1488c1a1e72ba175f53ab29a248e8,perfumery,3e-05,0.000557,3e-05,3,1.0,1793.93
ad0a798e7941f3a5a2fb8139cb62ad78,bed_bath_table,b0c89945c034268074f5f80b362bda34,bed_bath_table,0.000122,0.000162,3e-05,3,0.25,1541.66
b0c89945c034268074f5f80b362bda34,bed_bath_table,ad0a798e7941f3a5a2fb8139cb62ad78,bed_bath_table,0.000162,0.000122,3e-05,3,0.1875,1541.66
1427b126f61597524866770b05d4eed2,computers_accessories,5526b1ae9ab2688cf600783cece249df,computers_accessories,0.000142,0.000223,4.1e-05,4,0.2857,1281.38
3cc4b421c1f28dd22e86fc4aaafb600e,bed_bath_table,42a2bd596fda1baef5719cb74f73030c,bed_bath_table,0.000111,0.000213,3e-05,3,0.2727,1281.38
5526b1ae9ab2688cf600783cece249df,computers_accessories,1427b126f61597524866770b05d4eed2,computers_accessories,0.000223,0.000142,4.1e-05,4,0.1818,1281.38
42a2bd596fda1baef5719cb74f73030c,bed_bath_table,3cc4b421c1f28dd22e86fc4aaafb600e,bed_bath_table,0.000213,0.000111,3e-05,3,0.1429,1281.38
946344697156947d846d27fe0d503033,bed_bath_table,b0c89945c034268074f5f80b362bda34,bed_bath_table,0.000152,0.000162,3e-05,3,0.2,1233.33
b0c89945c034268074f5f80b362bda34,bed_bath_table,946344697156947d846d27fe0d503033,bed_bath_table,0.000162,0.000152,3e-05,3,0.1875,1233.33
4d0ec1e9b95fb62f9a1fbe21808bf3b1,bed_bath_table,9ad75bd7267e5c724cb42c71ac56ca72,bed_bath_table,0.000132,0.000426,6.1e-05,6,0.4615,1084.24
9ad75bd7267e5c724cb42c71ac56ca72,bed_bath_table,4d0ec1e9b95fb62f9a1fbe21808bf3b1,bed_bath_table,0.000426,0.000132,6.1e-05,6,0.1429,1084.24
f2ecbb02b6da187a9f14b8ac5781faec,perfumery,017692475c1c954ff597feda05131d73,perfumery,0.000122,0.000243,3e-05,3,0.25,1027.77
017692475c1c954ff597feda05131d73,perfumery,f2ecbb02b6da187a9f14b8ac5781faec,perfumery,0.000243,0.000122,3e-05,3,0.125,1027.77
2d27434c710806b971a721da337a112a,watches_gifts,86c43103446290e7efacad3701cd654d,watches_gifts,0.000111,0.000274,3e-05,3,0.2727,996.63
86c43103446290e7efacad3701cd654d,watches_gifts,2d27434c710806b971a721da337a112a,watches_gifts,0.000274,0.000111,3e-05,3,0.1111,996.63
fb783e3e545937820b57fe539b2c5a6c,bed_bath_table,0fa81e7123fd0ebe03adbbe99d912827,bed_bath_table,0.000213,0.000223,4.1e-05,4,0.1905,854.25
0fa81e7123fd0ebe03adbbe99d912827,bed_bath_table,fb783e3e545937820b57fe539b2c5a6c,bed_bath_table,0.000223,0.000213,4.1e-05,4,0.1818,854.25
5b8a5a9417210b1b84b67b9a7aefb935,computers_accessories,e5ae72c62ebfa708624f5029d609b160,computers_accessories,0.000213,0.000345,6.1e-05,6,0.2857,829.13
e5ae72c62ebfa708624f5029d609b160,computers_accessories,5b8a5a9417210b1b84b67b9a7aefb935,computers_accessories,0.000345,0.000213,6.1e-05,6,0.1765,829.13
4f88323d03ffaf090b8fb0116b33c95e,bed_bath_table,3e5201fe0d1ba474d9b90152c83c706c,bed_bath_table,9.1e-05,0.000436,3e-05,3,0.3333,764.85
9fc98e39f04be8e382d8aa5e259f5489,bed_bath_table,c403e106353e1aa40efe783ecb39ed7a,bed_bath_table,0.000172,0.000243,3e-05,3,0.1765,725.49
c403e106353e1aa40efe783ecb39ed7a,bed_bath_table,9fc98e39f04be8e382d8aa5e259f5489,bed_bath_table,0.000243,0.000172,3e-05,3,0.125,725.49
98b22c1129886cbd7fcae69d1c93e442,bed_bath_table,42a2bd596fda1baef5719cb74f73030c,bed_bath_table,0.000203,0.000213,3e-05,3,0.15,704.76
42a2bd596fda1baef5719cb74f73030c,bed_bath_table,98b22c1129886cbd7fcae69d1c93e442,bed_bath_table,0.000213,0.000203,3e-05,3,0.1429,704.76
060f0122cdc8f25db4a0d7359fdae7b0,watches_gifts,57f2bc497c1a3ebe41ba7a06d78ed159,watches_gifts,0.000162,0.000385,4.1e-05,4,0.25,649.12
57f2bc497c1a3ebe41ba7a06d78ed159,watches_gifts,060f0122cdc8f25db4a0d7359fdae7b0,watches_gifts,0.000385,0.000162,4.1e-05,4,0.1053,649.12
18486698933fbb64af6c0a255f7dd64c,computers_accessories,dbb67791e405873b259e4656bf971246,computers_accessories,0.000172,0.000659,7.1e-05,7,0.4118,625.03
dbb67791e405873b259e4656bf971246,computers_accessories,18486698933fbb64af6c0a255f7dd64c,computers_accessories,0.000659,0.000172,7.1e-05,7,0.1077,625.03
060cb19345d90064d1015407193c233d,auto,98d61056e0568ba048e5d78038790e77,auto,0.000253,0.000385,6.1e-05,6,0.24,623.15
98d61056e0568ba048e5d78038790e77,auto,060cb19345d90064d1015407193c233d,auto,0.000385,0.000253,6.1e-05,6,0.1579,623.15
058b372f969b59e8c4a27e224243909c,stationery,fb55982be901439613a95940feefd9ee,stationery,7.1e-05,0.000831,3e-05,3,0.4286,515.68
f4d705aa95ccca448e5b0deb6e5290ba,bed_bath_table,c211ff3068fcd2f8898192976d8b3a32,bed_bath_table,0.000243,0.000345,4.1e-05,4,0.1667,483.66
c211ff3068fcd2f8898192976d8b3a32,bed_bath_table,f4d705aa95ccca448e5b0deb6e5290ba,bed_bath_table,0.000345,0.000243,4.1e-05,4,0.1176,483.66
87d780fa7d2cf3710aa02dc4ca8db985,bed_bath_table,8a443635fdf9759915c9be5be2e3b862,bed_bath_table,0.000233,0.000274,3e-05,3,0.1304,476.65
8a443635fdf9759915c9be5be2e3b862,bed_bath_table,87d780fa7d2cf3710aa02dc4ca8db985,bed_bath_table,0.000274,0.000233,3e-05,3,0.1111,476.65
ee57070aa3b24a06fdd0e02efd2d757d,computers_accessories,0d85c435fd60b277ffb9e9b0f88f927a,computers_accessories,0.000233,0.000639,6.1e-05,6,0.2609,408.55
f4f67ccaece962d013a4e1d7dc3a61f7,auto,4fcb3d9a5f4871e8362dfedbdb02b064,auto,0.000568,0.000902,0.000172,17,0.3036,336.54
4fcb3d9a5f4871e8362dfedbdb02b064,auto,f4f67ccaece962d013a4e1d7dc3a61f7,auto,0.000902,0.000568,0.000172,17,0.191,336.54
b8a0d73b2a06e7910d9864dccdb0cda2,health_beauty,9bb8ca338e5588c361e34eae02e8fad6,health_beauty,0.000304,0.000324,3e-05,3,0.1,308.33
810e2944bca9850b934e1570ba372e7d,furniture_decor,5d6bea33648f018dbb563f3a2fab09f3,furniture_decor,0.000274,0.000385,3e-05,3,0.1111,288.5
a84d0660dbffebf352aefbf1a6b18d00,watches_gifts,2136c70bbe723d338fab53da3c03e6dc,watches_gifts,0.000132,0.000872,3e-05,3,0.2308,264.76
56cdfe67fbda57c1dcc752f5f361f981,computers_accessories,e53e557d5a159f5aa2c5e995dfdf244b,computers_accessories,8.1e-05,0.001581,3e-05,3,0.375,237.18
36f60d45225e60c7da4558b070ce4b60,computers_accessories,e53e557d5a159f5aa2c5e995dfdf244b,computers_accessories,0.001125,0.001581,0.000345,34,0.3063,193.73
e53e557d5a159f5aa2c5e995dfdf244b,computers_accessories,36f60d45225e60c7da4558b070ce4b60,computers_accessories,0.001581,0.001125,0.000345,34,0.2179,193.73
dfb97c88e066dc22165f31648efe1312,auto,a50acd33ba7a8da8e9db65094fa990a4,auto,0.000345,0.000841,5.1e-05,5,0.1471,174.82
5c692818d313aa12864b48ac0c2472c2,watches_gifts,2136c70bbe723d338fab53da3c03e6dc,watches_gifts,0.000223,0.000872,3e-05,3,0.1364,156.45
3f14d740544f37ece8a9e7bc8349797e,computers_accessories,36f60d45225e60c7da4558b070ce4b60,computers_accessories,0.000821,0.001125,0.000122,12,0.1481,131.69
36f60d45225e60c7da4558b070ce4b60,computers_accessories,3f14d740544f37ece8a9e7bc8349797e,computers_accessories,0.001125,0.000821,0.000122,12,0.1081,131.69
0a4093a4af429dc0a9334300e5c13ae5,health_beauty,e0cf79767c5b016251fe139915c59a26,health_beauty,0.000405,0.001328,4.1e-05,4,0.1,75.32
f2e53dd1670f3c376518263b3f71424d,bed_bath_table,35afc973633aaeb6b877ff57b2793310,home_confort,0.000284,0.001581,3e-05,3,0.1071,67.77
f2e53dd1670f3c376518263b3f71424d,bed_bath_table,99a4788cb24856965c36a24e339b6058,bed_bath_table,0.000284,0.004733,6.1e-05,6,0.2143,45.27
35afc973633aaeb6b877ff57b2793310,home_confort,99a4788cb24856965c36a24e339b6058,bed_bath_table,0.001581,0.004733,0.000294,29,0.1859,39.28
eebbed5ed3b134eceb717496c47652ba,bed_bath_table,99a4788cb24856965c36a24e339b6058,bed_bath_table,0.000193,0.004733,3e-05,3,0.1579,33.36
