customer_id,similar_customer_id,intersection_count,union_count,jaccard_similarity
94b9a50e7c20bb52bb4e7d4f174fc3b6,98ac019a5eae363963d9b119e5e080ae,3,3,1.0
0f8758e5b1c6c6b2156a9dddce128558,98ac019a5eae363963d9b119e5e080ae,3,3,1.0
894fa561f54fa10de0bc4db8b581947e,ff3f73a459eaabfa22e12955b7415112,3,3,1.0
0f8758e5b1c6c6b2156a9dddce128558,94b9a50e7c20bb52bb4e7d4f174fc3b6,3,3,1.0
7cbfdb67d344d745e097fbb2a570c9e6,ff5f29fbfd0a13f7e7ed9f7b92a32194,3,3,1.0
4cba4382020c8e217faee72173ecb0fc,fdc58370af81e72cd02ee17ff0e3164d,3,3,1.0
7e69734dad7cfcbe95aa59f38095057d,e238fba997eec80e48bf8d8689877d89,2,2,1.0
03cccac05d316dc60827fa7abedd608e,9ccd3694bf9d11a53846dcc5c105e7b6,2,2,1.0
ce87153ae6d1e210517154ec1057aad5,f30856ad31d3e74253a3f4ccef670648,2,2,1.0
2a532e879c1278727d9d7001890cd333,ce87153ae6d1e210517154ec1057aad5,2,2,1.0
03cccac05d316dc60827fa7abedd608e,8b88f64495d95d12a12c0d71534d0faa,2,2,1.0
ae8482b27b2119e2c3278f5ddf9c1024,e261fc64438c07bf3f12e82fe26c0682,2,2,1.0
45fd1f20d58a364a552cfecccfa78935,66d5f99377fe9807805f089baa65c715,2,2,1.0
92fc4892f11581ee802e8e2fa4296433,ef3e32f1b8658891add797672f995cc5,2,2,1.0
507d34ab7a9f465f7a023cf256e524da,b233915725d368ec61c224efb81ed915,2,2,1.0
399699e87adec3391203291418de34d1,97ba9c6276256eca910e8d36e78abfa8,2,2,1.0
2b5c14b7e1a3d88ff7e0c46e15851f5f,b65b4e0ccf23f096b3eb8bce350a400a,2,2,1.0
8418b8ecfc9702b5eacddc5e75a4dcca,d792207a143bca423ba1685b30e34557,2,2,1.0
02b20b7c813efede140142ac610e36dc,5e6ff5789e4d6b6d6f2a801e4da72e7a,2,2,1.0
7b32049d8495d56c8b27eae575921a60,df9bd60da4a8f8945d2b862aebd3d418,2,2,1.0
91da289fa4deba62c108246d150a8f4e,a8953e3d7677addada63eee79b91e7ff,2,2,1.0
200d8b1f16d0cc9600022fdc99987a7f,399699e87adec3391203291418de34d1,2,2,1.0
3578707d5fbfaaad05a3862a179bf76d,e301216623168d227eb0b0a3aabb1e62,2,2,1.0
2c03431d52e6ae4479a2a2310fb2e481,e225b3c270984a8097a136089a11aea9,2,2,1.0
4e7da8460a307b63a7a4d98750f3a95a,7a8afce0fdb6cd5e748818e19f1e223a,2,2,1.0
c4a5dbcdc7c33758cf5efff999c6203c,ca505f00e361296c5d92e01d245671e6,2,2,1.0
5261961eeb22ad480eafeb8829cddacf,6ff4f4fcdadf8410fcae5bad48d7044d,2,2,1.0
200d8b1f16d0cc9600022fdc99987a7f,e8b4b9cf7e6a2e6e13371f3439a4a1ba,2,2,1.0
7989d259bdf69447ee8e00970c3f3228,9a56d30e286ddea1374c143d111de34d,2,2,1.0
4e32c2752aeaa8d8b99da2b145a1c826,698a9cafcc15cac8cdbaee64adc6efbe,2,2,1.0
28432b10d1f73d179c1b8cd72bb4c77b,de3310643e5dc5aeda6082c500dc629f,2,2,1.0
3ea35d016eb96bbfede151b359b8da8e,a676674630bb75afa401d173d691473e,2,2,1.0
3af5f7534be6d2d2d81562ee1dc98af2,90c312d2299d36c16bbaa3d717b3dfba,2,2,1.0
4d1fe8b6f5e9ee044a14467c8b2832b6,5e6ff5789e4d6b6d6f2a801e4da72e7a,2,2,1.0
4e32c2752aeaa8d8b99da2b145a1c826,b0b219d68cb80e8440a7fccd3dab3851,2,2,1.0
3e5dd5efb71f831fffee3735c9e41e87,dfbebe96520c2a101d602c7d003764ba,2,2,1.0
8dc10e9acb420db970e64b4c99cba7ec,b84dbaedbe3ea55d7cc0894fbea73910,2,2,1.0
46f15c2526277c2f9cfa6b239dfb11b3,d7c6bdf20c4ec9c9cda815dde58e778a,2,2,1.0
210bec49b9e200df48dd3f31310d606e,be4eb163762cf164f26f81021c4a5e97,2,2,1.0
1f17641a9f9ad86c56fa3f3401102857,3e5a237352ac4b53e1281b9b62efcbcc,2,2,1.0
6ff4f4fcdadf8410fcae5bad48d7044d,aebd72416330dcdb02e8d478fd81c9f6,2,2,1.0
0f10d99ee99ca3d0489f2f2169b41ec3,750550f1fbf777d9383acb856bc593dd,2,2,1.0
2b5c14b7e1a3d88ff7e0c46e15851f5f,7b32049d8495d56c8b27eae575921a60,2,2,1.0
080a538ba865739bd97c3ffd9e71bcf0,0f10d99ee99ca3d0489f2f2169b41ec3,2,2,1.0
065938485846aa5adc196cb536de42e0,c0fc2e3595c750de75d36e7db9399e83,2,2,1.0
ae52fa61f27bd494a25bc4c101fa29d0,e8569c57efe3adf347b3e92ec04d1f91,2,2,1.0
8dc10e9acb420db970e64b4c99cba7ec,b0b219d68cb80e8440a7fccd3dab3851,2,2,1.0
db28fc41c6aae0d92e04d0e0c127f6f5,ee3575d8ee7cd3251e3efd6f9cf23fea,2,2,1.0
bb7a29428a71e286a02f1377d42d6a35,d46f0f655659cbeb210db2a746b2554f,2,2,1.0
65942a39d31e4aa627f0f65e0298ba2f,698a9cafcc15cac8cdbaee64adc6efbe,2,2,1.0
02fbe4db886eb98774c8ba300d39fa79,03d4c28894c1239ca5a6dd6f0c197921,2,2,1.0
aab579a39b1b5c223c2e1a4bbf8ff977,d792207a143bca423ba1685b30e34557,2,2,1.0
b0b219d68cb80e8440a7fccd3dab3851,b84dbaedbe3ea55d7cc0894fbea73910,2,2,1.0
2708339a3f5355f56983737d54fbce59,aebd72416330dcdb02e8d478fd81c9f6,2,2,1.0
8418b8ecfc9702b5eacddc5e75a4dcca,e8b4b9cf7e6a2e6e13371f3439a4a1ba,2,2,1.0
5dda09ed137461608be539348c1dac39,8418b8ecfc9702b5eacddc5e75a4dcca,2,2,1.0
4d1fe8b6f5e9ee044a14467c8b2832b6,9a2344afe2d1a43559906bd456567a9b,2,2,1.0
1f17641a9f9ad86c56fa3f3401102857,aea1ccbc3f29445178036e658e686eb1,2,2,1.0
5692f45005b99d929b723b96408957ec,a4aade0ce7988cd421340d39d0fba92d,2,2,1.0
4fcf56f1cf3d583a0cec41f7f523a852,c6e6c968421911e3975a6f7160a1d4b6,2,2,1.0
70755e5b9df5988f592f3dec6279f1be,e89bab624ed1d8c75012bf52bacc654c,2,2,1.0
28e3b4a14a28881ebbdf5384e004d6fb,ec8cf19822473555370553d399f7a654,2,2,1.0
481d9ef7f22b196a3112b031c1b972d1,70fc429b7bf128070c74d50e27d0c6a2,2,2,1.0
45fd1f20d58a364a552cfecccfa78935,892a397bf8506b6c30355f3fc1338900,2,2,1.0
38c82315266557c3d9c4312643d1717c,507d34ab7a9f465f7a023cf256e524da,2,2,1.0
e6f18fab493c0bdc553eafd9b66cb5f2,f30856ad31d3e74253a3f4ccef670648,2,2,1.0
7647c15a4f2e66304c91fcf86573a2a3,7989d259bdf69447ee8e00970c3f3228,2,2,1.0
bf257f507db19138f5bc4065313c1f87,c4ba227e9593faaf28a4ea8e5ec6c93f,2,2,1.0
a7751ca7aa429b41cf9065a425d52aea,ec441c1966bfa602976763f330fc5168,2,2,1.0
09ecbbc6902ae2add46294a42e3a59f1,0d52f8cd8892f109a15803df169113b6,2,2,1.0
4279e2fb7de9c27f439fdb82e4f1281f,5dda09ed137461608be539348c1dac39,2,2,1.0
4f4a4c713a7892d9db23f694fc647d13,a231b02134665d0d59438a0008e6e082,2,2,1.0
03cccac05d316dc60827fa7abedd608e,318dd674b6e789249337a1edca1b0cc1,2,2,1.0
399699e87adec3391203291418de34d1,8418b8ecfc9702b5eacddc5e75a4dcca,2,2,1.0
2a532e879c1278727d9d7001890cd333,5e6ff5789e4d6b6d6f2a801e4da72e7a,2,2,1.0
a6ddea592cbc5da9970a9a9803c07347,ec8cf19822473555370553d399f7a654,2,2,1.0
e225b3c270984a8097a136089a11aea9,e301216623168d227eb0b0a3aabb1e62,2,2,1.0
44a4a7cc2c0e9890778117619bdc7a96,b654c99744f2fa112d4f7a7762ecfdfe,2,2,1.0
3ea35d016eb96bbfede151b359b8da8e,a95a7250342fa968f37ddc74a5199ae6,2,2,1.0
39ae2ab725be4a0db66896735a49dac7,92fc4892f11581ee802e8e2fa4296433,2,2,1.0
357ae7be4a22fee3a22cca59f6b681fc,ce87153ae6d1e210517154ec1057aad5,2,2,1.0
200d8b1f16d0cc9600022fdc99987a7f,5261961eeb22ad480eafeb8829cddacf,2,2,1.0
a4669a28dd126c93ca64ddf49a15e496,a57efc75b64a030eb02c4ebe7f48e45f,2,2,1.0
aab579a39b1b5c223c2e1a4bbf8ff977,e8b4b9cf7e6a2e6e13371f3439a4a1ba,2,2,1.0
06f289b98b5b10b7d7692548624cb616,e0ec2e3c3f6e06839e8fb986be65c7c5,2,2,1.0
6ff4f4fcdadf8410fcae5bad48d7044d,b84dbaedbe3ea55d7cc0894fbea73910,2,2,1.0
cf4935767b14a8312de405de5d5bbdb5,dfbebe96520c2a101d602c7d003764ba,2,2,1.0
02b20b7c813efede140142ac610e36dc,4d1fe8b6f5e9ee044a14467c8b2832b6,2,2,1.0
1a185a8b307a1add1f201001877f6f6c,747a3bde8936cc5b862993e65c1b5a48,2,2,1.0
2c03431d52e6ae4479a2a2310fb2e481,698a9cafcc15cac8cdbaee64adc6efbe,2,2,1.0
2a3f4536e732a04cfad59b6e50c2e925,38dd3f4e8a4cc5e32dd0a4426a1961fa,2,2,1.0
284e36d78d3a3a395cae7fe335fc8371,65290fc39fc326193c8a5b9c71aee62f,2,2,1.0
81db097ffce4bd958cfffeca7c41e301,c4ba227e9593faaf28a4ea8e5ec6c93f,2,2,1.0
2c03431d52e6ae4479a2a2310fb2e481,b0b219d68cb80e8440a7fccd3dab3851,2,2,1.0
7647c15a4f2e66304c91fcf86573a2a3,ec8cf19822473555370553d399f7a654,2,2,1.0
0f10d99ee99ca3d0489f2f2169b41ec3,70c976663a07ebfd35d81c6179258391,2,2,1.0
2708339a3f5355f56983737d54fbce59,b84dbaedbe3ea55d7cc0894fbea73910,2,2,1.0
a4669a28dd126c93ca64ddf49a15e496,bd6c1c99a4f6c28c98927351eb226e80,2,2,1.0
7de1536dfbeaacfb971b48c2c93c16cc,e1015df046a6e086818dc851b65c2392,2,2,1.0
71be782fe7de27253a0a3b8323ab67b8,90635f71a521f2261d8ce0462fa6b72d,2,2,1.0
0ddba04798f1c085d0ca93af0e91f6c1,c4ba227e9593faaf28a4ea8e5ec6c93f,2,2,1.0
5bc738a48bdb9ca1f798d56de2cce84c,d262a1a1abd12ead162803a7a3b00a2c,2,2,1.0
92fc4892f11581ee802e8e2fa4296433,e0ec2e3c3f6e06839e8fb986be65c7c5,2,2,1.0
c4295b913119b04f3c9d28a7bfd524f1,e1015df046a6e086818dc851b65c2392,2,2,1.0
5b40b6d003822b8ff229a910784fe4e5,7f0a32f4af1dd3e5f0c45a633ace40ba,2,2,1.0
ea77749bef0ca28ab93f391cda660f71,f64075e7fa628bdc6c3e7c3108d7c624,2,2,1.0
237dfb57ee5ac9e68310bfd4bd816149,c4ba227e9593faaf28a4ea8e5ec6c93f,2,2,1.0
69333c9b0482a31b66b050c1c62f8cec,87edab45c7b7068800caa444e90bf164,2,2,1.0
4f4a4c713a7892d9db23f694fc647d13,f64075e7fa628bdc6c3e7c3108d7c624,2,2,1.0
0570089e1e1b3cf57b7f7d545cb204aa,06c0ea6ee892364d1608ee47aa9f56a0,2,2,1.0
81db097ffce4bd958cfffeca7c41e301,aab579a39b1b5c223c2e1a4bbf8ff977,2,2,1.0
5e6ff5789e4d6b6d6f2a801e4da72e7a,d535471db72095137da93810c98af688,2,2,1.0
1e6b20395bc9690fe6735e6b6e0d2791,3052fa07cdb3c836b158402ea4ee6fb8,2,2,1.0
b2b114ecefe93aa93d0f2bdd14ac8f84,da0db337ede939840c3b01ee64616282,2,2,1.0
22d64c509a1b9ce57345c62df274e772,5cdb73d2cb4862f0ca6436884e34b3a3,2,2,1.0
750550f1fbf777d9383acb856bc593dd,b410d7fd96e7ff12af1d2f87aae875a8,2,2,1.0
210bec49b9e200df48dd3f31310d606e,4f4a4c713a7892d9db23f694fc647d13,2,2,1.0
7228928ea2429a6e7ccd7efd24789266,763537fbd8173d949ea5b3da1d1461b7,2,2,1.0
0e05e2706e1dced2a98f116344db4825,3279f77315e1f85892d965c2e0418225,2,2,1.0
4f4a4c713a7892d9db23f694fc647d13,cf4935767b14a8312de405de5d5bbdb5,2,2,1.0
8dc10e9acb420db970e64b4c99cba7ec,a8953e3d7677addada63eee79b91e7ff,2,2,1.0
5dda09ed137461608be539348c1dac39,87a305c45891600e0244ee26c0bf1fa9,2,2,1.0
318dd674b6e789249337a1edca1b0cc1,a6ddea592cbc5da9970a9a9803c07347,2,2,1.0
1e51a6a24372a8bedea3519f13f80e91,507d34ab7a9f465f7a023cf256e524da,2,2,1.0
158ff08f9b1aeebfa96820580f3877a6,d535471db72095137da93810c98af688,2,2,1.0
5e6ff5789e4d6b6d6f2a801e4da72e7a,b7741f7ec50ab6bcd52ab08ea8f214d9,2,2,1.0
16f8c97e3a58560cfd64cff33dd78515,5182c0939da37d2f3acd9f2fb8b60d4f,2,2,1.0
424240fab0548ed808dcde95ea7e1661,a9ad87d8be80f58819a2f5872e17d6be,2,2,1.0
06f289b98b5b10b7d7692548624cb616,fb5e89c121d9569d1a58e0afb54da971,2,2,1.0
237dfb57ee5ac9e68310bfd4bd816149,aab579a39b1b5c223c2e1a4bbf8ff977,2,2,1.0
eed42da7ee2f3ce26ab52758e63d855f,fb5e89c121d9569d1a58e0afb54da971,2,2,1.0
5261961eeb22ad480eafeb8829cddacf,dfbebe96520c2a101d602c7d003764ba,2,2,1.0
a4669a28dd126c93ca64ddf49a15e496,bf257f507db19138f5bc4065313c1f87,2,2,1.0
16f8c97e3a58560cfd64cff33dd78515,3ad84abcfa9a58f9ede403889421500b,2,2,1.0
02b20b7c813efede140142ac610e36dc,750550f1fbf777d9383acb856bc593dd,2,2,1.0
4fcf56f1cf3d583a0cec41f7f523a852,fc8039a2b1963ca28dffe5dc886fa5c3,2,2,1.0
4f4a4c713a7892d9db23f694fc647d13,91da289fa4deba62c108246d150a8f4e,2,2,1.0
4f4a4c713a7892d9db23f694fc647d13,bd6c1c99a4f6c28c98927351eb226e80,2,2,1.0
3e5dd5efb71f831fffee3735c9e41e87,e301216623168d227eb0b0a3aabb1e62,2,2,1.0
1e6b20395bc9690fe6735e6b6e0d2791,e1015df046a6e086818dc851b65c2392,2,2,1.0
6d9cdc2c73e65c443351811fb9039bfa,e8b4b9cf7e6a2e6e13371f3439a4a1ba,2,2,1.0
c4ba227e9593faaf28a4ea8e5ec6c93f,f64075e7fa628bdc6c3e7c3108d7c624,2,2,1.0
158ff08f9b1aeebfa96820580f3877a6,b7741f7ec50ab6bcd52ab08ea8f214d9,2,2,1.0
78c5f76b60a3a2588635aadc70e34df7,ec99f30f38afadbfbae32d5883734ded,2,2,1.0
200d8b1f16d0cc9600022fdc99987a7f,aebd72416330dcdb02e8d478fd81c9f6,2,2,1.0
4e32c2752aeaa8d8b99da2b145a1c826,6d9cdc2c73e65c443351811fb9039bfa,2,2,1.0
7de1536dfbeaacfb971b48c2c93c16cc,9f5b78334246addf67c6b0545bc7dd2b,2,2,1.0
0ddba04798f1c085d0ca93af0e91f6c1,be4eb163762cf164f26f81021c4a5e97,2,2,1.0
5182c0939da37d2f3acd9f2fb8b60d4f,e1015df046a6e086818dc851b65c2392,2,2,1.0
92fc4892f11581ee802e8e2fa4296433,fb5e89c121d9569d1a58e0afb54da971,2,2,1.0
1208c8555f90541f4ca397baeb16a26d,cb5c545d96f39390b7f372aaa88c4a7e,2,2,1.0
5dda09ed137461608be539348c1dac39,a57efc75b64a030eb02c4ebe7f48e45f,2,2,1.0
7de1536dfbeaacfb971b48c2c93c16cc,9ccd3694bf9d11a53846dcc5c105e7b6,2,2,1.0
02fbe4db886eb98774c8ba300d39fa79,7d834f25bc4e9c7905f9e31e1c94c51b,2,2,1.0
318dd674b6e789249337a1edca1b0cc1,48c1b34a2d23e13b8967caa478d9c428,2,2,1.0
357ae7be4a22fee3a22cca59f6b681fc,5e6ff5789e4d6b6d6f2a801e4da72e7a,2,2,1.0
3052fa07cdb3c836b158402ea4ee6fb8,a6ddea592cbc5da9970a9a9803c07347,2,2,1.0
2a532e879c1278727d9d7001890cd333,4d1fe8b6f5e9ee044a14467c8b2832b6,2,2,1.0
399699e87adec3391203291418de34d1,87a305c45891600e0244ee26c0bf1fa9,2,2,1.0
7de1536dfbeaacfb971b48c2c93c16cc,8b88f64495d95d12a12c0d71534d0faa,2,2,1.0
698a9cafcc15cac8cdbaee64adc6efbe,e301216623168d227eb0b0a3aabb1e62,2,2,1.0
c4ba227e9593faaf28a4ea8e5ec6c93f,cf4935767b14a8312de405de5d5bbdb5,2,2,1.0
88a830a14a479075c655c2f9d3ba3934,fe1a0586d9ca0876528af23f3219ce3b,2,2,1.0
59deaa85810b3c3af6536e02d782a90c,b2b114ecefe93aa93d0f2bdd14ac8f84,2,2,1.0
4279e2fb7de9c27f439fdb82e4f1281f,6ff4f4fcdadf8410fcae5bad48d7044d,2,2,1.0
237dfb57ee5ac9e68310bfd4bd816149,be4eb163762cf164f26f81021c4a5e97,2,2,1.0
399699e87adec3391203291418de34d1,f64075e7fa628bdc6c3e7c3108d7c624,2,2,1.0
5dda09ed137461608be539348c1dac39,91da289fa4deba62c108246d150a8f4e,2,2,1.0
5dda09ed137461608be539348c1dac39,bd6c1c99a4f6c28c98927351eb226e80,2,2,1.0
507d34ab7a9f465f7a023cf256e524da,d46f0f655659cbeb210db2a746b2554f,2,2,1.0
aab579a39b1b5c223c2e1a4bbf8ff977,ea77749bef0ca28ab93f391cda660f71,2,2,1.0
763537fbd8173d949ea5b3da1d1461b7,8d174d46566bd4824dea80be4d00a2ce,2,2,1.0
8418b8ecfc9702b5eacddc5e75a4dcca,aebd72416330dcdb02e8d478fd81c9f6,2,2,1.0
8ef9add628931053f28350c0ad4bc7f7,ec99f30f38afadbfbae32d5883734ded,2,2,1.0
3af5f7534be6d2d2d81562ee1dc98af2,8dc10e9acb420db970e64b4c99cba7ec,2,2,1.0
3af5f7534be6d2d2d81562ee1dc98af2,4e32c2752aeaa8d8b99da2b145a1c826,2,2,1.0
3ad84abcfa9a58f9ede403889421500b,7e69734dad7cfcbe95aa59f38095057d,2,2,1.0
158ff08f9b1aeebfa96820580f3877a6,9cb94124fb0fda10d04fccc5477573b6,2,2,1.0
78c5f76b60a3a2588635aadc70e34df7,ee9d97a7d28183a3d93aefb807e48524,2,2,1.0
399699e87adec3391203291418de34d1,a57efc75b64a030eb02c4ebe7f48e45f,2,2,1.0
3052fa07cdb3c836b158402ea4ee6fb8,48c1b34a2d23e13b8967caa478d9c428,2,2,1.0
5518a112dff474788c0d52cd4688acff,ab654ea423caf4fd8644891d185c3fc9,2,2,1.0
6ff4f4fcdadf8410fcae5bad48d7044d,a8953e3d7677addada63eee79b91e7ff,2,2,1.0
7b32049d8495d56c8b27eae575921a60,b65b4e0ccf23f096b3eb8bce350a400a,2,2,1.0
65d7c0904b51f5b432e71a14b25121dc,e8fee231a8a4901e2b0b5a2324eb1405,2,2,1.0
2708339a3f5355f56983737d54fbce59,a8953e3d7677addada63eee79b91e7ff,2,2,1.0
399699e87adec3391203291418de34d1,91da289fa4deba62c108246d150a8f4e,2,2,1.0
3052fa07cdb3c836b158402ea4ee6fb8,7e69734dad7cfcbe95aa59f38095057d,2,2,1.0
6ff4f4fcdadf8410fcae5bad48d7044d,81db097ffce4bd958cfffeca7c41e301,2,2,1.0
7b32049d8495d56c8b27eae575921a60,fda3a3eb3370c1295a4fc3f6cd3d7604,2,2,1.0
a231b02134665d0d59438a0008e6e082,c4ba227e9593faaf28a4ea8e5ec6c93f,2,2,1.0
399699e87adec3391203291418de34d1,bd6c1c99a4f6c28c98927351eb226e80,2,2,1.0
397017a63f9c38e08a205d660a5d3019,b27739502aee0eb80a4699f471027da2,2,2,1.0
97ba9c6276256eca910e8d36e78abfa8,dfbebe96520c2a101d602c7d003764ba,2,2,1.0
aab579a39b1b5c223c2e1a4bbf8ff977,e225b3c270984a8097a136089a11aea9,2,2,1.0
4d46468a975352fcca7ab6e1d828fea8,e49047a4c83acc67477aea24e68e0d10,2,2,1.0
1e6b20395bc9690fe6735e6b6e0d2791,9f5b78334246addf67c6b0545bc7dd2b,2,2,1.0
28e3b4a14a28881ebbdf5384e004d6fb,d9752ac494a2b97507fd2faa478cabd9,2,2,1.0
02b20b7c813efede140142ac610e36dc,70c976663a07ebfd35d81c6179258391,2,2,1.0
b84dbaedbe3ea55d7cc0894fbea73910,f64075e7fa628bdc6c3e7c3108d7c624,2,2,1.0
3578707d5fbfaaad05a3862a179bf76d,c4ba227e9593faaf28a4ea8e5ec6c93f,2,2,1.0
cf4935767b14a8312de405de5d5bbdb5,e301216623168d227eb0b0a3aabb1e62,2,2,1.0
200d8b1f16d0cc9600022fdc99987a7f,b84dbaedbe3ea55d7cc0894fbea73910,2,2,1.0
c4a5dbcdc7c33758cf5efff999c6203c,d46f0f655659cbeb210db2a746b2554f,2,2,1.0
1f17641a9f9ad86c56fa3f3401102857,d8cc3231a8eda4409875bb69bb91f594,2,2,1.0
318dd674b6e789249337a1edca1b0cc1,9a56d30e286ddea1374c143d111de34d,2,2,1.0
210bec49b9e200df48dd3f31310d606e,3af5f7534be6d2d2d81562ee1dc98af2,2,2,1.0
2708339a3f5355f56983737d54fbce59,81db097ffce4bd958cfffeca7c41e301,2,2,1.0
5182c0939da37d2f3acd9f2fb8b60d4f,9f5b78334246addf67c6b0545bc7dd2b,2,2,1.0
6e6fdec52c6dbf58721bf7a4eaf5b679,7973a6ba9c81ecaeb3d628c33c7c7c48,2,2,1.0
55bea30cd78db302debc515e81a851d4,8fe4f9a0d6a47babbd498127a9109bd1,2,2,1.0
4fcf56f1cf3d583a0cec41f7f523a852,da0db337ede939840c3b01ee64616282,2,2,1.0
d792207a143bca423ba1685b30e34557,f64075e7fa628bdc6c3e7c3108d7c624,2,2,1.0
5dda09ed137461608be539348c1dac39,bf257f507db19138f5bc4065313c1f87,2,2,1.0
5182c0939da37d2f3acd9f2fb8b60d4f,9ccd3694bf9d11a53846dcc5c105e7b6,2,2,1.0
1412559410af5e92c35e053fd6acd006,158ff08f9b1aeebfa96820580f3877a6,2,2,1.0
7973a6ba9c81ecaeb3d628c33c7c7c48,e8fee231a8a4901e2b0b5a2324eb1405,2,2,1.0
ae8482b27b2119e2c3278f5ddf9c1024,fd46f99e9913ddee8a6ce5f91d65cf09,2,2,1.0
2a532e879c1278727d9d7001890cd333,750550f1fbf777d9383acb856bc593dd,2,2,1.0
5e6ff5789e4d6b6d6f2a801e4da72e7a,a7751ca7aa429b41cf9065a425d52aea,2,2,1.0
2c03431d52e6ae4479a2a2310fb2e481,6d9cdc2c73e65c443351811fb9039bfa,2,2,1.0
5182c0939da37d2f3acd9f2fb8b60d4f,8b88f64495d95d12a12c0d71534d0faa,2,2,1.0
aab579a39b1b5c223c2e1a4bbf8ff977,aebd72416330dcdb02e8d478fd81c9f6,2,2,1.0
b84dbaedbe3ea55d7cc0894fbea73910,cf4935767b14a8312de405de5d5bbdb5,2,2,1.0
2708339a3f5355f56983737d54fbce59,65942a39d31e4aa627f0f65e0298ba2f,2,2,1.0
3ad84abcfa9a58f9ede403889421500b,9a56d30e286ddea1374c143d111de34d,2,2,1.0
3af5f7534be6d2d2d81562ee1dc98af2,ea77749bef0ca28ab93f391cda660f71,2,2,1.0
27259fad9054fce994a70f1d117bc402,8fe4f9a0d6a47babbd498127a9109bd1,2,2,1.0
59deaa85810b3c3af6536e02d782a90c,c6e6c968421911e3975a6f7160a1d4b6,2,2,1.0
02b20b7c813efede140142ac610e36dc,5ebd246be48ec18bf3859966284333f8,2,2,1.0
34c7e58f5db5eedd271166b131e8febd,d531c1aedd13d2744fb99daac056bedd,2,2,1.0
3578707d5fbfaaad05a3862a179bf76d,aab579a39b1b5c223c2e1a4bbf8ff977,2,2,1.0
85189d642c11e7090cb2f72fed68ea42,fb8038205a1b4f9a90cb981e074e9be2,2,2,1.0
45fd1f20d58a364a552cfecccfa78935,66a0e4ae01e565ad721e85f287a2315e,2,2,1.0
8418b8ecfc9702b5eacddc5e75a4dcca,b84dbaedbe3ea55d7cc0894fbea73910,2,2,1.0
45fd1f20d58a364a552cfecccfa78935,4fcf56f1cf3d583a0cec41f7f523a852,2,2,1.0
2708339a3f5355f56983737d54fbce59,6d9cdc2c73e65c443351811fb9039bfa,2,2,1.0
2ecb8546a5c0ea3c74dfa8b77a321370,3fdd5f758dedbccffc537354946aa3b6,2,2,1.0
5733010674adc0076bd5d41eb3703955,7d834f25bc4e9c7905f9e31e1c94c51b,2,2,1.0
5ebd246be48ec18bf3859966284333f8,e6f18fab493c0bdc553eafd9b66cb5f2,2,2,1.0
0d52f8cd8892f109a15803df169113b6,fd46f99e9913ddee8a6ce5f91d65cf09,2,2,1.0
3052fa07cdb3c836b158402ea4ee6fb8,9a56d30e286ddea1374c143d111de34d,2,2,1.0
8ef9add628931053f28350c0ad4bc7f7,eed42da7ee2f3ce26ab52758e63d855f,2,2,1.0
5277f2c18bae9ff7f93aa8118ace6e03,65d7c0904b51f5b432e71a14b25121dc,2,2,1.0
16d185a0b670f133ae3c1d737185cb4b,962f59f16192af55bb1832221274ad74,2,2,1.0
66d5f99377fe9807805f089baa65c715,da0db337ede939840c3b01ee64616282,2,2,1.0
399699e87adec3391203291418de34d1,bf257f507db19138f5bc4065313c1f87,2,2,1.0
9f5b78334246addf67c6b0545bc7dd2b,e1015df046a6e086818dc851b65c2392,2,2,1.0
357ae7be4a22fee3a22cca59f6b681fc,4d1fe8b6f5e9ee044a14467c8b2832b6,2,2,1.0
3af5f7534be6d2d2d81562ee1dc98af2,e225b3c270984a8097a136089a11aea9,2,2,1.0
a231b02134665d0d59438a0008e6e082,be4eb163762cf164f26f81021c4a5e97,2,2,1.0
5dda09ed137461608be539348c1dac39,90c312d2299d36c16bbaa3d717b3dfba,2,2,1.0
237dfb57ee5ac9e68310bfd4bd816149,4f4a4c713a7892d9db23f694fc647d13,2,2,1.0
5261961eeb22ad480eafeb8829cddacf,e301216623168d227eb0b0a3aabb1e62,2,2,1.0
2136a45b6c2f821dfdc5149c045b3fdd,d531c1aedd13d2744fb99daac056bedd,2,2,1.0
5a6b37816cefa8497b74b1ef78dbb202,9ccfff93c79f3dd996cce15f26480c5b,2,2,1.0
760aa83faf9321a80f455369d7339a0a,f46971f1ac7b376b668114a027c98e78,2,2,1.0
aab579a39b1b5c223c2e1a4bbf8ff977,b84dbaedbe3ea55d7cc0894fbea73910,2,2,1.0
0063817060d662048ed08bccecaf45d5,46a84f706aa22bdb63379610a77af307,2,2,1.0
2a532e879c1278727d9d7001890cd333,70c976663a07ebfd35d81c6179258391,2,2,1.0
9a2344afe2d1a43559906bd456567a9b,e6f18fab493c0bdc553eafd9b66cb5f2,2,2,1.0
5e6ff5789e4d6b6d6f2a801e4da72e7a,ec441c1966bfa602976763f330fc5168,2,2,1.0
03cccac05d316dc60827fa7abedd608e,3ad84abcfa9a58f9ede403889421500b,2,2,1.0
080a538ba865739bd97c3ffd9e71bcf0,e6f18fab493c0bdc553eafd9b66cb5f2,2,2,1.0
aab579a39b1b5c223c2e1a4bbf8ff977,b0b219d68cb80e8440a7fccd3dab3851,2,2,1.0
7989d259bdf69447ee8e00970c3f3228,ae4040757eb5b3be43a7c0ea27260d50,2,2,1.0
065938485846aa5adc196cb536de42e0,66a0e4ae01e565ad721e85f287a2315e,2,2,1.0
9f5b78334246addf67c6b0545bc7dd2b,c4295b913119b04f3c9d28a7bfd524f1,2,2,1.0
a4669a28dd126c93ca64ddf49a15e496,aab579a39b1b5c223c2e1a4bbf8ff977,2,2,1.0
55bea30cd78db302debc515e81a851d4,a676674630bb75afa401d173d691473e,2,2,1.0
065938485846aa5adc196cb536de42e0,4fcf56f1cf3d583a0cec41f7f523a852,2,2,1.0
399699e87adec3391203291418de34d1,90c312d2299d36c16bbaa3d717b3dfba,2,2,1.0
1e6b20395bc9690fe6735e6b6e0d2791,318dd674b6e789249337a1edca1b0cc1,2,2,1.0
65942a39d31e4aa627f0f65e0298ba2f,97ba9c6276256eca910e8d36e78abfa8,2,2,1.0
e301216623168d227eb0b0a3aabb1e62,f64075e7fa628bdc6c3e7c3108d7c624,2,2,1.0
9a56d30e286ddea1374c143d111de34d,ae4040757eb5b3be43a7c0ea27260d50,2,2,1.0
c7b4749501147c8b69fd551ac98b3a6e,e03684ee60e4f8113ddbe25a1a33d4a3,2,2,1.0
4f4a4c713a7892d9db23f694fc647d13,d792207a143bca423ba1685b30e34557,2,2,1.0
27259fad9054fce994a70f1d117bc402,a676674630bb75afa401d173d691473e,2,2,1.0
6746118163577769f5bad6a82a0b0790,87edab45c7b7068800caa444e90bf164,2,2,1.0
158ff08f9b1aeebfa96820580f3877a6,ec441c1966bfa602976763f330fc5168,2,2,1.0
ec99f30f38afadbfbae32d5883734ded,eed42da7ee2f3ce26ab52758e63d855f,2,2,1.0
4fcf56f1cf3d583a0cec41f7f523a852,59deaa85810b3c3af6536e02d782a90c,2,2,1.0
1803287d1e7138aec6ea9d3c963ed87d,ef3e32f1b8658891add797672f995cc5,2,2,1.0
2a532e879c1278727d9d7001890cd333,5ebd246be48ec18bf3859966284333f8,2,2,1.0
02fbe4db886eb98774c8ba300d39fa79,b463aa86422087e97281b2787590fb0d,2,2,1.0
b2b114ecefe93aa93d0f2bdd14ac8f84,c0fc2e3595c750de75d36e7db9399e83,2,2,1.0
5277f2c18bae9ff7f93aa8118ace6e03,df9bd60da4a8f8945d2b862aebd3d418,2,2,1.0
1e6b20395bc9690fe6735e6b6e0d2791,7de1536dfbeaacfb971b48c2c93c16cc,2,2,1.0
357ae7be4a22fee3a22cca59f6b681fc,750550f1fbf777d9383acb856bc593dd,2,2,1.0
200d8b1f16d0cc9600022fdc99987a7f,a8953e3d7677addada63eee79b91e7ff,2,2,1.0
6d9cdc2c73e65c443351811fb9039bfa,be4eb163762cf164f26f81021c4a5e97,2,2,1.0
39ae2ab725be4a0db66896735a49dac7,e0ec2e3c3f6e06839e8fb986be65c7c5,2,2,1.0
06f289b98b5b10b7d7692548624cb616,78c5f76b60a3a2588635aadc70e34df7,2,2,1.0
a13d3e08e93017d233c021a49d9a2c54,cf004a37244a84e6569ae75d1efa7149,2,2,1.0
2708339a3f5355f56983737d54fbce59,5dda09ed137461608be539348c1dac39,2,2,1.0
3c08b0cab2334cc5db8c5915ce0d74cc,c0fc2e3595c750de75d36e7db9399e83,2,2,1.0
ae8482b27b2119e2c3278f5ddf9c1024,f46ebdbd5c48c0683980a759b8937912,2,2,1.0
59deaa85810b3c3af6536e02d782a90c,fc8039a2b1963ca28dffe5dc886fa5c3,2,2,1.0
7a4162f7e0c7e245c68f36ccad93afa2,c02c6d51253cabefd33f927d7f943ea7,2,2,1.0
200d8b1f16d0cc9600022fdc99987a7f,81db097ffce4bd958cfffeca7c41e301,2,2,1.0
272f7dfe5a6714f61a473c8d2f2862f1,cf004a37244a84e6569ae75d1efa7149,2,2,1.0
750550f1fbf777d9383acb856bc593dd,b7741f7ec50ab6bcd52ab08ea8f214d9,2,2,1.0
90c312d2299d36c16bbaa3d717b3dfba,97ba9c6276256eca910e8d36e78abfa8,2,2,1.0
16f8c97e3a58560cfd64cff33dd78515,1e6b20395bc9690fe6735e6b6e0d2791,2,2,1.0
3af5f7534be6d2d2d81562ee1dc98af2,698a9cafcc15cac8cdbaee64adc6efbe,2,2,1.0
c4ba227e9593faaf28a4ea8e5ec6c93f,d792207a143bca423ba1685b30e34557,2,2,1.0
87a305c45891600e0244ee26c0bf1fa9,97ba9c6276256eca910e8d36e78abfa8,2,2,1.0
3af5f7534be6d2d2d81562ee1dc98af2,b0b219d68cb80e8440a7fccd3dab3851,2,2,1.0
200d8b1f16d0cc9600022fdc99987a7f,65942a39d31e4aa627f0f65e0298ba2f,2,2,1.0
8418b8ecfc9702b5eacddc5e75a4dcca,a8953e3d7677addada63eee79b91e7ff,2,2,1.0
0ddba04798f1c085d0ca93af0e91f6c1,3af5f7534be6d2d2d81562ee1dc98af2,2,2,1.0
4d1fe8b6f5e9ee044a14467c8b2832b6,f30856ad31d3e74253a3f4ccef670648,2,2,1.0
70c976663a07ebfd35d81c6179258391,9a2344afe2d1a43559906bd456567a9b,2,2,1.0
55bea30cd78db302debc515e81a851d4,a95a7250342fa968f37ddc74a5199ae6,2,2,1.0
4f4a4c713a7892d9db23f694fc647d13,e8b4b9cf7e6a2e6e13371f3439a4a1ba,2,2,1.0
b65b4e0ccf23f096b3eb8bce350a400a,df9bd60da4a8f8945d2b862aebd3d418,2,2,1.0
0d52f8cd8892f109a15803df169113b6,f46ebdbd5c48c0683980a759b8937912,2,2,1.0
aaad6d68de5490cba508e4203ddc87de,c735c714dbe80672320182bb48bba3ba,2,2,1.0
3e5a237352ac4b53e1281b9b62efcbcc,c0fc2e3595c750de75d36e7db9399e83,2,2,1.0
5277f2c18bae9ff7f93aa8118ace6e03,d7c6bdf20c4ec9c9cda815dde58e778a,2,2,1.0
91da289fa4deba62c108246d150a8f4e,dfbebe96520c2a101d602c7d003764ba,2,2,1.0
3e5dd5efb71f831fffee3735c9e41e87,c4ba227e9593faaf28a4ea8e5ec6c93f,2,2,1.0
12c380ee1d82a3c375a07a8cd7df1241,d870a06834e68bdc8864f3a9a97e73ec,2,2,1.0
237dfb57ee5ac9e68310bfd4bd816149,3af5f7534be6d2d2d81562ee1dc98af2,2,2,1.0
27259fad9054fce994a70f1d117bc402,a95a7250342fa968f37ddc74a5199ae6,2,2,1.0
399699e87adec3391203291418de34d1,d792207a143bca423ba1685b30e34557,2,2,1.0
3578707d5fbfaaad05a3862a179bf76d,4f4a4c713a7892d9db23f694fc647d13,2,2,1.0
2c03431d52e6ae4479a2a2310fb2e481,4279e2fb7de9c27f439fdb82e4f1281f,2,2,1.0
06f289b98b5b10b7d7692548624cb616,39ae2ab725be4a0db66896735a49dac7,2,2,1.0
bb7a29428a71e286a02f1377d42d6a35,c4a5dbcdc7c33758cf5efff999c6203c,2,2,1.0
5dda09ed137461608be539348c1dac39,aab579a39b1b5c223c2e1a4bbf8ff977,2,2,1.0
7228928ea2429a6e7ccd7efd24789266,c4a0997ebd5dc2e05c2afdd835a002aa,2,2,1.0
6338ba4278cdec01ef48d5b26ae97dbc,840048bff3cbd6d92d97a3816521222e,2,2,1.0
750550f1fbf777d9383acb856bc593dd,9cb94124fb0fda10d04fccc5477573b6,2,2,1.0
698a9cafcc15cac8cdbaee64adc6efbe,c4ba227e9593faaf28a4ea8e5ec6c93f,2,2,1.0
aea1ccbc3f29445178036e658e686eb1,da0db337ede939840c3b01ee64616282,2,2,1.0
86bb795b2c858e2ca3bc6271de923619,d29019c6fe58343d55caeb6f76ae2278,2,2,1.0
39ae2ab725be4a0db66896735a49dac7,fb5e89c121d9569d1a58e0afb54da971,2,2,1.0
66a0e4ae01e565ad721e85f287a2315e,66d5f99377fe9807805f089baa65c715,2,2,1.0
507d34ab7a9f465f7a023cf256e524da,7d2e246c38946e89eda0c9c1288fc0e3,2,2,1.0
7d834f25bc4e9c7905f9e31e1c94c51b,b463aa86422087e97281b2787590fb0d,2,2,1.0
06f289b98b5b10b7d7692548624cb616,e5b6fb6c5e7e4adc25a5e400c0104508,2,2,1.0
0fa3e5721cad691b9594fb89f9805a68,5733010674adc0076bd5d41eb3703955,2,2,1.0
5ebd246be48ec18bf3859966284333f8,b410d7fd96e7ff12af1d2f87aae875a8,2,2,1.0
357ae7be4a22fee3a22cca59f6b681fc,70c976663a07ebfd35d81c6179258391,2,2,1.0
b233915725d368ec61c224efb81ed915,bb7a29428a71e286a02f1377d42d6a35,2,2,1.0
5b2f6d16df47dae251b6808c945f9d54,c6f1e353d1715efcb0273e8e11e228eb,2,2,1.0
3e5dd5efb71f831fffee3735c9e41e87,aab579a39b1b5c223c2e1a4bbf8ff977,2,2,1.0
03d4c28894c1239ca5a6dd6f0c197921,5d77cf4bfc8132075fc589f355875baa,2,2,1.0
289410555e77b17958f6c008359eb524,747a3bde8936cc5b862993e65c1b5a48,2,2,1.0
ae4040757eb5b3be43a7c0ea27260d50,af417df88fa589d65603e559ee80a22c,2,2,1.0
c4ba227e9593faaf28a4ea8e5ec6c93f,e8b4b9cf7e6a2e6e13371f3439a4a1ba,2,2,1.0
5733010674adc0076bd5d41eb3703955,b463aa86422087e97281b2787590fb0d,2,2,1.0
b65b4e0ccf23f096b3eb8bce350a400a,d7c6bdf20c4ec9c9cda815dde58e778a,2,2,1.0
a4669a28dd126c93ca64ddf49a15e496,ea77749bef0ca28ab93f391cda660f71,2,2,1.0
e9fb042476cdddcf08d9537a73107f17,fc94333f2fc94ee80653e648ef08175b,2,2,1.0
698a9cafcc15cac8cdbaee64adc6efbe,aab579a39b1b5c223c2e1a4bbf8ff977,2,2,1.0
b84dbaedbe3ea55d7cc0894fbea73910,d792207a143bca423ba1685b30e34557,2,2,1.0
f46ebdbd5c48c0683980a759b8937912,fd46f99e9913ddee8a6ce5f91d65cf09,2,2,1.0
59deaa85810b3c3af6536e02d782a90c,da0db337ede939840c3b01ee64616282,2,2,1.0
ae4040757eb5b3be43a7c0ea27260d50,e238fba997eec80e48bf8d8689877d89,2,2,1.0
a8953e3d7677addada63eee79b91e7ff,dfbebe96520c2a101d602c7d003764ba,2,2,1.0
080a538ba865739bd97c3ffd9e71bcf0,96d3a3257161c32fe93aea0e38b16515,2,2,1.0
4e32c2752aeaa8d8b99da2b145a1c826,a231b02134665d0d59438a0008e6e082,2,2,1.0
b1392563c59e549bb83fb81ee4a7fdb4,de5f2d4aa1e29e756ca9225b1f157474,2,2,1.0
48c1b34a2d23e13b8967caa478d9c428,e1015df046a6e086818dc851b65c2392,2,2,1.0
3e5dd5efb71f831fffee3735c9e41e87,be4eb163762cf164f26f81021c4a5e97,2,2,1.0
7a1751f98e25f665fc0130c7b001e18f,d7c6bdf20c4ec9c9cda815dde58e778a,2,2,1.0
7e69734dad7cfcbe95aa59f38095057d,9f5b78334246addf67c6b0545bc7dd2b,2,2,1.0
4f4a4c713a7892d9db23f694fc647d13,5261961eeb22ad480eafeb8829cddacf,2,2,1.0
0fa3e5721cad691b9594fb89f9805a68,b4da3c8deec3e1c31023d39ba20bb40e,2,2,1.0
70c976663a07ebfd35d81c6179258391,e6f18fab493c0bdc553eafd9b66cb5f2,2,2,1.0
4279e2fb7de9c27f439fdb82e4f1281f,e301216623168d227eb0b0a3aabb1e62,2,2,1.0
45fd1f20d58a364a552cfecccfa78935,b2b114ecefe93aa93d0f2bdd14ac8f84,2,2,1.0
8dc10e9acb420db970e64b4c99cba7ec,a231b02134665d0d59438a0008e6e082,2,2,1.0
a4669a28dd126c93ca64ddf49a15e496,e225b3c270984a8097a136089a11aea9,2,2,1.0
97ba9c6276256eca910e8d36e78abfa8,e8b4b9cf7e6a2e6e13371f3439a4a1ba,2,2,1.0
1803287d1e7138aec6ea9d3c963ed87d,e0ec2e3c3f6e06839e8fb986be65c7c5,2,2,1.0
5dda09ed137461608be539348c1dac39,8dc10e9acb420db970e64b4c99cba7ec,2,2,1.0
c0140285255813aa0830caed71942ed5,d419aaf930662d4df4ee988b75b9123c,2,2,1.0
be4eb163762cf164f26f81021c4a5e97,e301216623168d227eb0b0a3aabb1e62,2,2,1.0
a7751ca7aa429b41cf9065a425d52aea,e6f18fab493c0bdc553eafd9b66cb5f2,2,2,1.0
961ca706a9f7e9d6a4ba81922cde9730,c0fc2e3595c750de75d36e7db9399e83,2,2,1.0
9a2344afe2d1a43559906bd456567a9b,b410d7fd96e7ff12af1d2f87aae875a8,2,2,1.0
e8569c57efe3adf347b3e92ec04d1f91,fa0cf5b25732a933725b83d2f716000a,2,2,1.0
65942a39d31e4aa627f0f65e0298ba2f,a231b02134665d0d59438a0008e6e082,2,2,1.0
2708339a3f5355f56983737d54fbce59,6ff4f4fcdadf8410fcae5bad48d7044d,2,2,1.0
080a538ba865739bd97c3ffd9e71bcf0,b410d7fd96e7ff12af1d2f87aae875a8,2,2,1.0
1e51a6a24372a8bedea3519f13f80e91,38c82315266557c3d9c4312643d1717c,2,2,1.0
4fcf56f1cf3d583a0cec41f7f523a852,961ca706a9f7e9d6a4ba81922cde9730,2,2,1.0
66a0e4ae01e565ad721e85f287a2315e,892a397bf8506b6c30355f3fc1338900,2,2,1.0
210bec49b9e200df48dd3f31310d606e,a4669a28dd126c93ca64ddf49a15e496,2,2,1.0
28e3b4a14a28881ebbdf5384e004d6fb,3052fa07cdb3c836b158402ea4ee6fb8,2,2,1.0
75bbb6b481a1df1689bb769e63ec3acb,ec99f30f38afadbfbae32d5883734ded,2,2,1.0
66d5f99377fe9807805f089baa65c715,c0fc2e3595c750de75d36e7db9399e83,2,2,1.0
200d8b1f16d0cc9600022fdc99987a7f,5dda09ed137461608be539348c1dac39,2,2,1.0
28e3b4a14a28881ebbdf5384e004d6fb,7e69734dad7cfcbe95aa59f38095057d,2,2,1.0
b84dbaedbe3ea55d7cc0894fbea73910,e8b4b9cf7e6a2e6e13371f3439a4a1ba,2,2,1.0
66a0e4ae01e565ad721e85f287a2315e,aea1ccbc3f29445178036e658e686eb1,2,2,1.0
70755e5b9df5988f592f3dec6279f1be,ef3e32f1b8658891add797672f995cc5,2,2,1.0
48c1b34a2d23e13b8967caa478d9c428,c4295b913119b04f3c9d28a7bfd524f1,2,2,1.0
7a1751f98e25f665fc0130c7b001e18f,e8fee231a8a4901e2b0b5a2324eb1405,2,2,1.0
d792207a143bca423ba1685b30e34557,e8b4b9cf7e6a2e6e13371f3439a4a1ba,2,2,1.0
399699e87adec3391203291418de34d1,8dc10e9acb420db970e64b4c99cba7ec,2,2,1.0
9cb94124fb0fda10d04fccc5477573b6,a7751ca7aa429b41cf9065a425d52aea,2,2,1.0
4e32c2752aeaa8d8b99da2b145a1c826,f64075e7fa628bdc6c3e7c3108d7c624,2,2,1.0
399699e87adec3391203291418de34d1,4e32c2752aeaa8d8b99da2b145a1c826,2,2,1.0
3578707d5fbfaaad05a3862a179bf76d,3af5f7534be6d2d2d81562ee1dc98af2,2,2,1.0
7989d259bdf69447ee8e00970c3f3228,ec8cf19822473555370553d399f7a654,2,2,1.0
2ecb8546a5c0ea3c74dfa8b77a321370,b4324bf24671bd5c4ebfcd2a8c639e86,2,2,1.0
d535471db72095137da93810c98af688,f30856ad31d3e74253a3f4ccef670648,2,2,1.0
210bec49b9e200df48dd3f31310d606e,97ba9c6276256eca910e8d36e78abfa8,2,2,1.0
e89bab624ed1d8c75012bf52bacc654c,ef3e32f1b8658891add797672f995cc5,2,2,1.0
90c312d2299d36c16bbaa3d717b3dfba,a231b02134665d0d59438a0008e6e082,2,2,1.0
39ae2ab725be4a0db66896735a49dac7,70755e5b9df5988f592f3dec6279f1be,2,2,1.0
5dda09ed137461608be539348c1dac39,ea77749bef0ca28ab93f391cda660f71,2,2,1.0
2666a61d9b5755651665549f80bb3450,fb0e46dc6bf9064d27702ba51c66e8ae,2,2,1.0
4e32c2752aeaa8d8b99da2b145a1c826,cf4935767b14a8312de405de5d5bbdb5,2,2,1.0
4f4a4c713a7892d9db23f694fc647d13,e225b3c270984a8097a136089a11aea9,2,2,1.0
65942a39d31e4aa627f0f65e0298ba2f,f64075e7fa628bdc6c3e7c3108d7c624,2,2,1.0
5261961eeb22ad480eafeb8829cddacf,c4ba227e9593faaf28a4ea8e5ec6c93f,2,2,1.0
48c1b34a2d23e13b8967caa478d9c428,9ccd3694bf9d11a53846dcc5c105e7b6,2,2,1.0
87a305c45891600e0244ee26c0bf1fa9,a231b02134665d0d59438a0008e6e082,2,2,1.0
3af5f7534be6d2d2d81562ee1dc98af2,6d9cdc2c73e65c443351811fb9039bfa,2,2,1.0
1412559410af5e92c35e053fd6acd006,ce87153ae6d1e210517154ec1057aad5,2,2,1.0
af417df88fa589d65603e559ee80a22c,e238fba997eec80e48bf8d8689877d89,2,2,1.0
065938485846aa5adc196cb536de42e0,b2b114ecefe93aa93d0f2bdd14ac8f84,2,2,1.0
1803287d1e7138aec6ea9d3c963ed87d,fb5e89c121d9569d1a58e0afb54da971,2,2,1.0
96b482d81d31251add90a9fe63fbbcec,c4a5dbcdc7c33758cf5efff999c6203c,2,2,1.0
48c1b34a2d23e13b8967caa478d9c428,8b88f64495d95d12a12c0d71534d0faa,2,2,1.0
2c03431d52e6ae4479a2a2310fb2e481,a231b02134665d0d59438a0008e6e082,2,2,1.0
91da289fa4deba62c108246d150a8f4e,e301216623168d227eb0b0a3aabb1e62,2,2,1.0
c4ba227e9593faaf28a4ea8e5ec6c93f,ea77749bef0ca28ab93f391cda660f71,2,2,1.0
8dc10e9acb420db970e64b4c99cba7ec,dfbebe96520c2a101d602c7d003764ba,2,2,1.0
28e3b4a14a28881ebbdf5384e004d6fb,9a56d30e286ddea1374c143d111de34d,2,2,1.0
2c03431d52e6ae4479a2a2310fb2e481,3578707d5fbfaaad05a3862a179bf76d,2,2,1.0
7647c15a4f2e66304c91fcf86573a2a3,7e69734dad7cfcbe95aa59f38095057d,2,2,1.0
318dd674b6e789249337a1edca1b0cc1,ae4040757eb5b3be43a7c0ea27260d50,2,2,1.0
65942a39d31e4aa627f0f65e0298ba2f,cf4935767b14a8312de405de5d5bbdb5,2,2,1.0
4f4a4c713a7892d9db23f694fc647d13,aebd72416330dcdb02e8d478fd81c9f6,2,2,1.0
318dd674b6e789249337a1edca1b0cc1,7647c15a4f2e66304c91fcf86573a2a3,2,2,1.0
65942a39d31e4aa627f0f65e0298ba2f,a57efc75b64a030eb02c4ebe7f48e45f,2,2,1.0
ab6a9070b1a32a6ded0bf6410399ab55,fb8038205a1b4f9a90cb981e074e9be2,2,2,1.0
65d7c0904b51f5b432e71a14b25121dc,7b32049d8495d56c8b27eae575921a60,2,2,1.0
b0b219d68cb80e8440a7fccd3dab3851,dfbebe96520c2a101d602c7d003764ba,2,2,1.0
5dda09ed137461608be539348c1dac39,e225b3c270984a8097a136089a11aea9,2,2,1.0
6a41171c962a6356e8ea95518821dd45,863c9a8df992728d25a783b95471b674,2,2,1.0
9a56d30e286ddea1374c143d111de34d,af417df88fa589d65603e559ee80a22c,2,2,1.0
3ad84abcfa9a58f9ede403889421500b,ae4040757eb5b3be43a7c0ea27260d50,2,2,1.0
399699e87adec3391203291418de34d1,ea77749bef0ca28ab93f391cda660f71,2,2,1.0
0d60ae009e0cfd8b0c96aa47625f20a4,8d174d46566bd4824dea80be4d00a2ce,2,2,1.0
75bbb6b481a1df1689bb769e63ec3acb,eed42da7ee2f3ce26ab52758e63d855f,2,2,1.0
65942a39d31e4aa627f0f65e0298ba2f,91da289fa4deba62c108246d150a8f4e,2,2,1.0
507d34ab7a9f465f7a023cf256e524da,c4a5dbcdc7c33758cf5efff999c6203c,2,2,1.0
a4669a28dd126c93ca64ddf49a15e496,b0b219d68cb80e8440a7fccd3dab3851,2,2,1.0
d7c6bdf20c4ec9c9cda815dde58e778a,e8fee231a8a4901e2b0b5a2324eb1405,2,2,1.0
65942a39d31e4aa627f0f65e0298ba2f,bd6c1c99a4f6c28c98927351eb226e80,2,2,1.0
1e6b20395bc9690fe6735e6b6e0d2791,5182c0939da37d2f3acd9f2fb8b60d4f,2,2,1.0
be4eb163762cf164f26f81021c4a5e97,bf257f507db19138f5bc4065313c1f87,2,2,1.0
c4ba227e9593faaf28a4ea8e5ec6c93f,e225b3c270984a8097a136089a11aea9,2,2,1.0
3e5dd5efb71f831fffee3735c9e41e87,4f4a4c713a7892d9db23f694fc647d13,2,2,1.0
e5b6fb6c5e7e4adc25a5e400c0104508,ef3e32f1b8658891add797672f995cc5,2,2,1.0
3411eba8bec9143a5c999f80226aaa5e,c2420179b6e09b39bd84ab44ec412a51,2,2,1.0
8b88f64495d95d12a12c0d71534d0faa,d9752ac494a2b97507fd2faa478cabd9,2,2,1.0
1f17641a9f9ad86c56fa3f3401102857,45fd1f20d58a364a552cfecccfa78935,2,2,1.0
90c312d2299d36c16bbaa3d717b3dfba,f64075e7fa628bdc6c3e7c3108d7c624,2,2,1.0
1e6b20395bc9690fe6735e6b6e0d2791,3ad84abcfa9a58f9ede403889421500b,2,2,1.0
7a5a23b53277ee5e9d10a9d4b6a3b462,9099c659f8cd764e87a1482d258fcec9,2,2,1.0
3052fa07cdb3c836b158402ea4ee6fb8,ae4040757eb5b3be43a7c0ea27260d50,2,2,1.0
87a305c45891600e0244ee26c0bf1fa9,f64075e7fa628bdc6c3e7c3108d7c624,2,2,1.0
9a56d30e286ddea1374c143d111de34d,e238fba997eec80e48bf8d8689877d89,2,2,1.0
9cb94124fb0fda10d04fccc5477573b6,ec441c1966bfa602976763f330fc5168,2,2,1.0
500916dd05e1a0eef077815b20b9b644,f71f43f5a8dc56beb6ebdabf0d82e802,2,2,1.0
03cccac05d316dc60827fa7abedd608e,ec8cf19822473555370553d399f7a654,2,2,1.0
2c03431d52e6ae4479a2a2310fb2e481,f64075e7fa628bdc6c3e7c3108d7c624,2,2,1.0
05fb25843c4048d1ce40611d11966278,444afd392665f1cc1f3b65ec48063735,2,2,1.0
03d4c28894c1239ca5a6dd6f0c197921,0fa3e5721cad691b9594fb89f9805a68,2,2,1.0
90c312d2299d36c16bbaa3d717b3dfba,cf4935767b14a8312de405de5d5bbdb5,2,2,1.0
399699e87adec3391203291418de34d1,e225b3c270984a8097a136089a11aea9,2,2,1.0
5261961eeb22ad480eafeb8829cddacf,be4eb163762cf164f26f81021c4a5e97,2,2,1.0
a8953e3d7677addada63eee79b91e7ff,e301216623168d227eb0b0a3aabb1e62,2,2,1.0
90c312d2299d36c16bbaa3d717b3dfba,a57efc75b64a030eb02c4ebe7f48e45f,2,2,1.0
87a305c45891600e0244ee26c0bf1fa9,cf4935767b14a8312de405de5d5bbdb5,2,2,1.0
97ba9c6276256eca910e8d36e78abfa8,c4ba227e9593faaf28a4ea8e5ec6c93f,2,2,1.0
2c03431d52e6ae4479a2a2310fb2e481,cf4935767b14a8312de405de5d5bbdb5,2,2,1.0
065938485846aa5adc196cb536de42e0,c6e6c968421911e3975a6f7160a1d4b6,2,2,1.0
210bec49b9e200df48dd3f31310d606e,8418b8ecfc9702b5eacddc5e75a4dcca,2,2,1.0
70c976663a07ebfd35d81c6179258391,96d3a3257161c32fe93aea0e38b16515,2,2,1.0
a57efc75b64a030eb02c4ebe7f48e45f,f64075e7fa628bdc6c3e7c3108d7c624,2,2,1.0
16d185a0b670f133ae3c1d737185cb4b,4dd4862366d29145386ec1c6ce5852f4,2,2,1.0
200d8b1f16d0cc9600022fdc99987a7f,6ff4f4fcdadf8410fcae5bad48d7044d,2,2,1.0
6ff4f4fcdadf8410fcae5bad48d7044d,dfbebe96520c2a101d602c7d003764ba,2,2,1.0
3fdd5f758dedbccffc537354946aa3b6,b4324bf24671bd5c4ebfcd2a8c639e86,2,2,1.0
90c312d2299d36c16bbaa3d717b3dfba,91da289fa4deba62c108246d150a8f4e,2,2,1.0
399699e87adec3391203291418de34d1,aebd72416330dcdb02e8d478fd81c9f6,2,2,1.0
4f4a4c713a7892d9db23f694fc647d13,b84dbaedbe3ea55d7cc0894fbea73910,2,2,1.0
90c312d2299d36c16bbaa3d717b3dfba,bd6c1c99a4f6c28c98927351eb226e80,2,2,1.0
46f15c2526277c2f9cfa6b239dfb11b3,6e6fdec52c6dbf58721bf7a4eaf5b679,2,2,1.0
87a305c45891600e0244ee26c0bf1fa9,91da289fa4deba62c108246d150a8f4e,2,2,1.0
87a305c45891600e0244ee26c0bf1fa9,bd6c1c99a4f6c28c98927351eb226e80,2,2,1.0
2708339a3f5355f56983737d54fbce59,dfbebe96520c2a101d602c7d003764ba,2,2,1.0
4f4a4c713a7892d9db23f694fc647d13,b0b219d68cb80e8440a7fccd3dab3851,2,2,1.0
a57efc75b64a030eb02c4ebe7f48e45f,cf4935767b14a8312de405de5d5bbdb5,2,2,1.0
0f10d99ee99ca3d0489f2f2169b41ec3,a7751ca7aa429b41cf9065a425d52aea,2,2,1.0
1412559410af5e92c35e053fd6acd006,5e6ff5789e4d6b6d6f2a801e4da72e7a,2,2,1.0
81db097ffce4bd958cfffeca7c41e301,a4669a28dd126c93ca64ddf49a15e496,2,2,1.0
d9752ac494a2b97507fd2faa478cabd9,ec8cf19822473555370553d399f7a654,2,2,1.0
70c976663a07ebfd35d81c6179258391,b410d7fd96e7ff12af1d2f87aae875a8,2,2,1.0
2ecb8546a5c0ea3c74dfa8b77a321370,c735c714dbe80672320182bb48bba3ba,2,2,1.0
aebd72416330dcdb02e8d478fd81c9f6,bd6c1c99a4f6c28c98927351eb226e80,2,2,1.0
39ae2ab725be4a0db66896735a49dac7,78c5f76b60a3a2588635aadc70e34df7,2,2,1.0
a7751ca7aa429b41cf9065a425d52aea,b410d7fd96e7ff12af1d2f87aae875a8,2,2,1.0
aea1ccbc3f29445178036e658e686eb1,c0fc2e3595c750de75d36e7db9399e83,2,2,1.0
0ddba04798f1c085d0ca93af0e91f6c1,a4669a28dd126c93ca64ddf49a15e496,2,2,1.0
02b20b7c813efede140142ac610e36dc,d535471db72095137da93810c98af688,2,2,1.0
1803287d1e7138aec6ea9d3c963ed87d,70755e5b9df5988f592f3dec6279f1be,2,2,1.0
0ddba04798f1c085d0ca93af0e91f6c1,3e5dd5efb71f831fffee3735c9e41e87,2,2,1.0
a57efc75b64a030eb02c4ebe7f48e45f,bd6c1c99a4f6c28c98927351eb226e80,2,2,1.0
d792207a143bca423ba1685b30e34557,e225b3c270984a8097a136089a11aea9,2,2,1.0
5dda09ed137461608be539348c1dac39,698a9cafcc15cac8cdbaee64adc6efbe,2,2,1.0
35cac0573a06f610cc8e356e0710d9b1,c0fc2e3595c750de75d36e7db9399e83,2,2,1.0
237dfb57ee5ac9e68310bfd4bd816149,a4669a28dd126c93ca64ddf49a15e496,2,2,1.0
5dda09ed137461608be539348c1dac39,b0b219d68cb80e8440a7fccd3dab3851,2,2,1.0
bd6c1c99a4f6c28c98927351eb226e80,e301216623168d227eb0b0a3aabb1e62,2,2,1.0
81db097ffce4bd958cfffeca7c41e301,97ba9c6276256eca910e8d36e78abfa8,2,2,1.0
9ccd3694bf9d11a53846dcc5c105e7b6,d9752ac494a2b97507fd2faa478cabd9,2,2,1.0
3c08b0cab2334cc5db8c5915ce0d74cc,66a0e4ae01e565ad721e85f287a2315e,2,2,1.0
97ba9c6276256eca910e8d36e78abfa8,be4eb163762cf164f26f81021c4a5e97,2,2,1.0
5ebd246be48ec18bf3859966284333f8,b7741f7ec50ab6bcd52ab08ea8f214d9,2,2,1.0
c0d3fe5df1e0d9f039d407115d15b0a0,fff7219c86179ca6441b8f37823ba3d3,2,2,1.0
65942a39d31e4aa627f0f65e0298ba2f,90c312d2299d36c16bbaa3d717b3dfba,2,2,1.0
158ff08f9b1aeebfa96820580f3877a6,9a2344afe2d1a43559906bd456567a9b,2,2,1.0
200d8b1f16d0cc9600022fdc99987a7f,3e5dd5efb71f831fffee3735c9e41e87,2,2,1.0
5a6b37816cefa8497b74b1ef78dbb202,fe1a0586d9ca0876528af23f3219ce3b,2,2,1.0
399699e87adec3391203291418de34d1,b84dbaedbe3ea55d7cc0894fbea73910,2,2,1.0
aebd72416330dcdb02e8d478fd81c9f6,bf257f507db19138f5bc4065313c1f87,2,2,1.0
237dfb57ee5ac9e68310bfd4bd816149,97ba9c6276256eca910e8d36e78abfa8,2,2,1.0
0b1ef8f1c964c96702a47c381c61f84f,38775863e907bb656c90a73fbc8083e4,2,2,1.0
399699e87adec3391203291418de34d1,698a9cafcc15cac8cdbaee64adc6efbe,2,2,1.0
b4da3c8deec3e1c31023d39ba20bb40e,f43631b724c7704d75fd3b41de54e724,2,2,1.0
2b5c14b7e1a3d88ff7e0c46e15851f5f,65d7c0904b51f5b432e71a14b25121dc,2,2,1.0
399699e87adec3391203291418de34d1,b0b219d68cb80e8440a7fccd3dab3851,2,2,1.0
3e5a237352ac4b53e1281b9b62efcbcc,66a0e4ae01e565ad721e85f287a2315e,2,2,1.0
0d60ae009e0cfd8b0c96aa47625f20a4,7228928ea2429a6e7ccd7efd24789266,2,2,1.0
da0db337ede939840c3b01ee64616282,fc8039a2b1963ca28dffe5dc886fa5c3,2,2,1.0
577786ab410d98d13e0a00878cd9e8fa,70fc429b7bf128070c74d50e27d0c6a2,2,2,1.0
752b204b9bbb2d9e3eb29b58059f7e17,91a8e898b4d523890123febf84dfbef4,2,2,1.0
3af5f7534be6d2d2d81562ee1dc98af2,4279e2fb7de9c27f439fdb82e4f1281f,2,2,1.0
318dd674b6e789249337a1edca1b0cc1,7989d259bdf69447ee8e00970c3f3228,2,2,1.0
59deaa85810b3c3af6536e02d782a90c,961ca706a9f7e9d6a4ba81922cde9730,2,2,1.0
a57efc75b64a030eb02c4ebe7f48e45f,bf257f507db19138f5bc4065313c1f87,2,2,1.0
0f10d99ee99ca3d0489f2f2169b41ec3,ec441c1966bfa602976763f330fc5168,2,2,1.0
78c5f76b60a3a2588635aadc70e34df7,e89bab624ed1d8c75012bf52bacc654c,2,2,1.0
02fbe4db886eb98774c8ba300d39fa79,5733010674adc0076bd5d41eb3703955,2,2,1.0
4279e2fb7de9c27f439fdb82e4f1281f,c4ba227e9593faaf28a4ea8e5ec6c93f,2,2,1.0
25e028fa8de01a4043fe40595f9edcff,45ca2b8a047054e858fa92a2a09bdd59,2,2,1.0
3ad84abcfa9a58f9ede403889421500b,7989d259bdf69447ee8e00970c3f3228,2,2,1.0
e301216623168d227eb0b0a3aabb1e62,ea77749bef0ca28ab93f391cda660f71,2,2,1.0
5ebd246be48ec18bf3859966284333f8,9cb94124fb0fda10d04fccc5477573b6,2,2,1.0
96d3a3257161c32fe93aea0e38b16515,a7751ca7aa429b41cf9065a425d52aea,2,2,1.0
e89bab624ed1d8c75012bf52bacc654c,fb5e89c121d9569d1a58e0afb54da971,2,2,1.0
210bec49b9e200df48dd3f31310d606e,87a305c45891600e0244ee26c0bf1fa9,2,2,1.0
6bcce41d3b905cf26ad66b9fe760bbc0,d1d5df8c1c5a2a239bbd30a2b2685f66,2,2,1.0
1cf641eb1fc43ff738ee8ee0662de8a1,4f37b187b2d58f32f0739d1d4d9a12b1,2,2,1.0
065938485846aa5adc196cb536de42e0,fc8039a2b1963ca28dffe5dc886fa5c3,2,2,1.0
747a3bde8936cc5b862993e65c1b5a48,7a8afce0fdb6cd5e748818e19f1e223a,2,2,1.0
4fcf56f1cf3d583a0cec41f7f523a852,aea1ccbc3f29445178036e658e686eb1,2,2,1.0
4e32c2752aeaa8d8b99da2b145a1c826,d792207a143bca423ba1685b30e34557,2,2,1.0
3052fa07cdb3c836b158402ea4ee6fb8,7989d259bdf69447ee8e00970c3f3228,2,2,1.0
3fdd5f758dedbccffc537354946aa3b6,c735c714dbe80672320182bb48bba3ba,2,2,1.0
1412559410af5e92c35e053fd6acd006,4d1fe8b6f5e9ee044a14467c8b2832b6,2,2,1.0
9b9aa67941ab5886ffebd2e42a24c537,ccc25edb24a6888b0a406ed43a1c04fd,2,2,1.0
4f4a4c713a7892d9db23f694fc647d13,a8953e3d7677addada63eee79b91e7ff,2,2,1.0
4279e2fb7de9c27f439fdb82e4f1281f,aab579a39b1b5c223c2e1a4bbf8ff977,2,2,1.0
5e6ff5789e4d6b6d6f2a801e4da72e7a,e6f18fab493c0bdc553eafd9b66cb5f2,2,2,1.0
09ecbbc6902ae2add46294a42e3a59f1,444afd392665f1cc1f3b65ec48063735,2,2,1.0
45fd1f20d58a364a552cfecccfa78935,da0db337ede939840c3b01ee64616282,2,2,1.0
b7741f7ec50ab6bcd52ab08ea8f214d9,ec441c1966bfa602976763f330fc5168,2,2,1.0
b233915725d368ec61c224efb81ed915,ca505f00e361296c5d92e01d245671e6,2,2,1.0
210bec49b9e200df48dd3f31310d606e,a57efc75b64a030eb02c4ebe7f48e45f,2,2,1.0
70755e5b9df5988f592f3dec6279f1be,eed42da7ee2f3ce26ab52758e63d855f,2,2,1.0
81db097ffce4bd958cfffeca7c41e301,8418b8ecfc9702b5eacddc5e75a4dcca,2,2,1.0
65942a39d31e4aa627f0f65e0298ba2f,d792207a143bca423ba1685b30e34557,2,2,1.0
200d8b1f16d0cc9600022fdc99987a7f,237dfb57ee5ac9e68310bfd4bd816149,2,2,1.0
1803287d1e7138aec6ea9d3c963ed87d,78c5f76b60a3a2588635aadc70e34df7,2,2,1.0
4f4a4c713a7892d9db23f694fc647d13,81db097ffce4bd958cfffeca7c41e301,2,2,1.0
8b88f64495d95d12a12c0d71534d0faa,c4295b913119b04f3c9d28a7bfd524f1,2,2,1.0
02fbe4db886eb98774c8ba300d39fa79,b4da3c8deec3e1c31023d39ba20bb40e,2,2,1.0
1208c8555f90541f4ca397baeb16a26d,376f87fc0c95ceb6668c29f4f37db4b4,2,2,1.0
6ff4f4fcdadf8410fcae5bad48d7044d,e301216623168d227eb0b0a3aabb1e62,2,2,1.0
158ff08f9b1aeebfa96820580f3877a6,e6f18fab493c0bdc553eafd9b66cb5f2,2,2,1.0
200d8b1f16d0cc9600022fdc99987a7f,dfbebe96520c2a101d602c7d003764ba,2,2,1.0
0ddba04798f1c085d0ca93af0e91f6c1,8418b8ecfc9702b5eacddc5e75a4dcca,2,2,1.0
a231b02134665d0d59438a0008e6e082,a4669a28dd126c93ca64ddf49a15e496,2,2,1.0
210bec49b9e200df48dd3f31310d606e,91da289fa4deba62c108246d150a8f4e,2,2,1.0
02b20b7c813efede140142ac610e36dc,a7751ca7aa429b41cf9065a425d52aea,2,2,1.0
210bec49b9e200df48dd3f31310d606e,bd6c1c99a4f6c28c98927351eb226e80,2,2,1.0
2b5c14b7e1a3d88ff7e0c46e15851f5f,df9bd60da4a8f8945d2b862aebd3d418,2,2,1.0
7647c15a4f2e66304c91fcf86573a2a3,7de1536dfbeaacfb971b48c2c93c16cc,2,2,1.0
4f4a4c713a7892d9db23f694fc647d13,65942a39d31e4aa627f0f65e0298ba2f,2,2,1.0
e5b6fb6c5e7e4adc25a5e400c0104508,fb5e89c121d9569d1a58e0afb54da971,2,2,1.0
3578707d5fbfaaad05a3862a179bf76d,a4669a28dd126c93ca64ddf49a15e496,2,2,1.0
9a2344afe2d1a43559906bd456567a9b,9cb94124fb0fda10d04fccc5477573b6,2,2,1.0
6d9cdc2c73e65c443351811fb9039bfa,6ff4f4fcdadf8410fcae5bad48d7044d,2,2,1.0
39ae2ab725be4a0db66896735a49dac7,e89bab624ed1d8c75012bf52bacc654c,2,2,1.0
2708339a3f5355f56983737d54fbce59,e301216623168d227eb0b0a3aabb1e62,2,2,1.0
96278eb6dace1f0dce1f78d760d5587f,c1e936d4c4fd02c66085ed43914d0b67,2,2,1.0
03cccac05d316dc60827fa7abedd608e,d9752ac494a2b97507fd2faa478cabd9,2,2,1.0
0d52f8cd8892f109a15803df169113b6,ae8482b27b2119e2c3278f5ddf9c1024,2,2,1.0
750550f1fbf777d9383acb856bc593dd,ce87153ae6d1e210517154ec1057aad5,2,2,1.0
237dfb57ee5ac9e68310bfd4bd816149,8418b8ecfc9702b5eacddc5e75a4dcca,2,2,1.0
318dd674b6e789249337a1edca1b0cc1,af417df88fa589d65603e559ee80a22c,2,2,1.0
7d2e246c38946e89eda0c9c1288fc0e3,c4a5dbcdc7c33758cf5efff999c6203c,2,2,1.0
91da289fa4deba62c108246d150a8f4e,c4ba227e9593faaf28a4ea8e5ec6c93f,2,2,1.0
4f4a4c713a7892d9db23f694fc647d13,6d9cdc2c73e65c443351811fb9039bfa,2,2,1.0
4e32c2752aeaa8d8b99da2b145a1c826,e8b4b9cf7e6a2e6e13371f3439a4a1ba,2,2,1.0
16f8c97e3a58560cfd64cff33dd78515,c4295b913119b04f3c9d28a7bfd524f1,2,2,1.0
3ad84abcfa9a58f9ede403889421500b,af417df88fa589d65603e559ee80a22c,2,2,1.0
8418b8ecfc9702b5eacddc5e75a4dcca,dfbebe96520c2a101d602c7d003764ba,2,2,1.0
96d3a3257161c32fe93aea0e38b16515,ec441c1966bfa602976763f330fc5168,2,2,1.0
8dc10e9acb420db970e64b4c99cba7ec,e8b4b9cf7e6a2e6e13371f3439a4a1ba,2,2,1.0
90c312d2299d36c16bbaa3d717b3dfba,d792207a143bca423ba1685b30e34557,2,2,1.0
1803287d1e7138aec6ea9d3c963ed87d,39ae2ab725be4a0db66896735a49dac7,2,2,1.0
3578707d5fbfaaad05a3862a179bf76d,97ba9c6276256eca910e8d36e78abfa8,2,2,1.0
318dd674b6e789249337a1edca1b0cc1,e238fba997eec80e48bf8d8689877d89,2,2,1.0
8b88f64495d95d12a12c0d71534d0faa,a6ddea592cbc5da9970a9a9803c07347,2,2,1.0
dfbebe96520c2a101d602c7d003764ba,e301216623168d227eb0b0a3aabb1e62,2,2,1.0
481d9ef7f22b196a3112b031c1b972d1,ae1d1e3aace44aeae97187488325c43f,2,2,1.0
65942a39d31e4aa627f0f65e0298ba2f,e8b4b9cf7e6a2e6e13371f3439a4a1ba,2,2,1.0
1412559410af5e92c35e053fd6acd006,750550f1fbf777d9383acb856bc593dd,2,2,1.0
87a305c45891600e0244ee26c0bf1fa9,d792207a143bca423ba1685b30e34557,2,2,1.0
399699e87adec3391203291418de34d1,a8953e3d7677addada63eee79b91e7ff,2,2,1.0
065938485846aa5adc196cb536de42e0,da0db337ede939840c3b01ee64616282,2,2,1.0
2c03431d52e6ae4479a2a2310fb2e481,d792207a143bca423ba1685b30e34557,2,2,1.0
b2b114ecefe93aa93d0f2bdd14ac8f84,d8cc3231a8eda4409875bb69bb91f594,2,2,1.0
3052fa07cdb3c836b158402ea4ee6fb8,af417df88fa589d65603e559ee80a22c,2,2,1.0
16f8c97e3a58560cfd64cff33dd78515,9ccd3694bf9d11a53846dcc5c105e7b6,2,2,1.0
1803287d1e7138aec6ea9d3c963ed87d,e5b6fb6c5e7e4adc25a5e400c0104508,2,2,1.0
3ad84abcfa9a58f9ede403889421500b,e238fba997eec80e48bf8d8689877d89,2,2,1.0
16f8c97e3a58560cfd64cff33dd78515,8b88f64495d95d12a12c0d71534d0faa,2,2,1.0
210bec49b9e200df48dd3f31310d606e,bf257f507db19138f5bc4065313c1f87,2,2,1.0
bf257f507db19138f5bc4065313c1f87,e301216623168d227eb0b0a3aabb1e62,2,2,1.0
399699e87adec3391203291418de34d1,81db097ffce4bd958cfffeca7c41e301,2,2,1.0
6a64e2cf94a5779760698c1e25a2852a,fa0cf5b25732a933725b83d2f716000a,2,2,1.0
3af5f7534be6d2d2d81562ee1dc98af2,a231b02134665d0d59438a0008e6e082,2,2,1.0
16f8c97e3a58560cfd64cff33dd78515,a6ddea592cbc5da9970a9a9803c07347,2,2,1.0
a57efc75b64a030eb02c4ebe7f48e45f,d792207a143bca423ba1685b30e34557,2,2,1.0
3c08b0cab2334cc5db8c5915ce0d74cc,d8cc3231a8eda4409875bb69bb91f594,2,2,1.0
0339119d431b8dd1b361567e4fc48a58,37dca09dbcd3b46dd024b2c742e6e362,2,2,1.0
3052fa07cdb3c836b158402ea4ee6fb8,e238fba997eec80e48bf8d8689877d89,2,2,1.0
7d834f25bc4e9c7905f9e31e1c94c51b,b4da3c8deec3e1c31023d39ba20bb40e,2,2,1.0
080a538ba865739bd97c3ffd9e71bcf0,158ff08f9b1aeebfa96820580f3877a6,2,2,1.0
a8953e3d7677addada63eee79b91e7ff,c4ba227e9593faaf28a4ea8e5ec6c93f,2,2,1.0
02b20b7c813efede140142ac610e36dc,ec441c1966bfa602976763f330fc5168,2,2,1.0
aab579a39b1b5c223c2e1a4bbf8ff977,dfbebe96520c2a101d602c7d003764ba,2,2,1.0
9ccd3694bf9d11a53846dcc5c105e7b6,c4295b913119b04f3c9d28a7bfd524f1,2,2,1.0
91da289fa4deba62c108246d150a8f4e,be4eb163762cf164f26f81021c4a5e97,2,2,1.0
399699e87adec3391203291418de34d1,6d9cdc2c73e65c443351811fb9039bfa,2,2,1.0
2c03431d52e6ae4479a2a2310fb2e481,399699e87adec3391203291418de34d1,2,2,1.0
5733010674adc0076bd5d41eb3703955,b4da3c8deec3e1c31023d39ba20bb40e,2,2,1.0
90c312d2299d36c16bbaa3d717b3dfba,e8b4b9cf7e6a2e6e13371f3439a4a1ba,2,2,1.0
7d2e246c38946e89eda0c9c1288fc0e3,96b482d81d31251add90a9fe63fbbcec,2,2,1.0
38c82315266557c3d9c4312643d1717c,96b482d81d31251add90a9fe63fbbcec,2,2,1.0
2a532e879c1278727d9d7001890cd333,a7751ca7aa429b41cf9065a425d52aea,2,2,1.0
b8b468fcb7dd44194b4aecb89c8fc103,b9746b56cf8884c9724b03900e46cf0c,2,2,1.0
4f928a6270233d6c7c4e73919fa12295,7f0a32f4af1dd3e5f0c45a633ace40ba,2,2,1.0
87a305c45891600e0244ee26c0bf1fa9,e8b4b9cf7e6a2e6e13371f3439a4a1ba,2,2,1.0
065938485846aa5adc196cb536de42e0,3c08b0cab2334cc5db8c5915ce0d74cc,2,2,1.0
3e5a237352ac4b53e1281b9b62efcbcc,d8cc3231a8eda4409875bb69bb91f594,2,2,1.0
81db097ffce4bd958cfffeca7c41e301,87a305c45891600e0244ee26c0bf1fa9,2,2,1.0
65942a39d31e4aa627f0f65e0298ba2f,8dc10e9acb420db970e64b4c99cba7ec,2,2,1.0
28e3b4a14a28881ebbdf5384e004d6fb,ae4040757eb5b3be43a7c0ea27260d50,2,2,1.0
16f8c97e3a58560cfd64cff33dd78515,48c1b34a2d23e13b8967caa478d9c428,2,2,1.0
be4eb163762cf164f26f81021c4a5e97,ea77749bef0ca28ab93f391cda660f71,2,2,1.0
2c03431d52e6ae4479a2a2310fb2e481,e8b4b9cf7e6a2e6e13371f3439a4a1ba,2,2,1.0
4e32c2752aeaa8d8b99da2b145a1c826,5261961eeb22ad480eafeb8829cddacf,2,2,1.0
e8fee231a8a4901e2b0b5a2324eb1405,fda3a3eb3370c1295a4fc3f6cd3d7604,2,2,1.0
81db097ffce4bd958cfffeca7c41e301,f64075e7fa628bdc6c3e7c3108d7c624,2,2,1.0
0d52f8cd8892f109a15803df169113b6,4b72c220414716bd4464a30fac305adc,2,2,1.0
a8953e3d7677addada63eee79b91e7ff,aab579a39b1b5c223c2e1a4bbf8ff977,2,2,1.0
210bec49b9e200df48dd3f31310d606e,90c312d2299d36c16bbaa3d717b3dfba,2,2,1.0
0ddba04798f1c085d0ca93af0e91f6c1,87a305c45891600e0244ee26c0bf1fa9,2,2,1.0
1e51a6a24372a8bedea3519f13f80e91,c4a5dbcdc7c33758cf5efff999c6203c,2,2,1.0
1412559410af5e92c35e053fd6acd006,70c976663a07ebfd35d81c6179258391,2,2,1.0
3af5f7534be6d2d2d81562ee1dc98af2,f64075e7fa628bdc6c3e7c3108d7c624,2,2,1.0
3ef7989405f00bb74c7d463b0357abfd,b8b468fcb7dd44194b4aecb89c8fc103,2,2,1.0
3c08b0cab2334cc5db8c5915ce0d74cc,b2b114ecefe93aa93d0f2bdd14ac8f84,2,2,1.0
5e6ff5789e4d6b6d6f2a801e4da72e7a,96d3a3257161c32fe93aea0e38b16515,2,2,1.0
ae4040757eb5b3be43a7c0ea27260d50,e1015df046a6e086818dc851b65c2392,2,2,1.0
81db097ffce4bd958cfffeca7c41e301,cf4935767b14a8312de405de5d5bbdb5,2,2,1.0
4f4a4c713a7892d9db23f694fc647d13,5dda09ed137461608be539348c1dac39,2,2,1.0
237dfb57ee5ac9e68310bfd4bd816149,87a305c45891600e0244ee26c0bf1fa9,2,2,1.0
4279e2fb7de9c27f439fdb82e4f1281f,4f4a4c713a7892d9db23f694fc647d13,2,2,1.0
81db097ffce4bd958cfffeca7c41e301,a57efc75b64a030eb02c4ebe7f48e45f,2,2,1.0
9ccd3694bf9d11a53846dcc5c105e7b6,a6ddea592cbc5da9970a9a9803c07347,2,2,1.0
3578707d5fbfaaad05a3862a179bf76d,8418b8ecfc9702b5eacddc5e75a4dcca,2,2,1.0
750550f1fbf777d9383acb856bc593dd,9a2344afe2d1a43559906bd456567a9b,2,2,1.0
1cba83304eaba52a71d853f593d565f1,3413f9bca7b61d654f1da9a0afd68c7b,2,2,1.0
237dfb57ee5ac9e68310bfd4bd816149,f64075e7fa628bdc6c3e7c3108d7c624,2,2,1.0
0fa3e5721cad691b9594fb89f9805a68,7d834f25bc4e9c7905f9e31e1c94c51b,2,2,1.0
3af5f7534be6d2d2d81562ee1dc98af2,cf4935767b14a8312de405de5d5bbdb5,2,2,1.0
0ddba04798f1c085d0ca93af0e91f6c1,a57efc75b64a030eb02c4ebe7f48e45f,2,2,1.0
158ff08f9b1aeebfa96820580f3877a6,96d3a3257161c32fe93aea0e38b16515,2,2,1.0
5e6ff5789e4d6b6d6f2a801e4da72e7a,b410d7fd96e7ff12af1d2f87aae875a8,2,2,1.0
2136a45b6c2f821dfdc5149c045b3fdd,34c7e58f5db5eedd271166b131e8febd,2,2,1.0
a8953e3d7677addada63eee79b91e7ff,be4eb163762cf164f26f81021c4a5e97,2,2,1.0
81db097ffce4bd958cfffeca7c41e301,91da289fa4deba62c108246d150a8f4e,2,2,1.0
81db097ffce4bd958cfffeca7c41e301,bd6c1c99a4f6c28c98927351eb226e80,2,2,1.0
200d8b1f16d0cc9600022fdc99987a7f,e301216623168d227eb0b0a3aabb1e62,2,2,1.0
3e5a237352ac4b53e1281b9b62efcbcc,b2b114ecefe93aa93d0f2bdd14ac8f84,2,2,1.0
065938485846aa5adc196cb536de42e0,59deaa85810b3c3af6536e02d782a90c,2,2,1.0
65942a39d31e4aa627f0f65e0298ba2f,ea77749bef0ca28ab93f391cda660f71,2,2,1.0
210bec49b9e200df48dd3f31310d606e,2c03431d52e6ae4479a2a2310fb2e481,2,2,1.0
237dfb57ee5ac9e68310bfd4bd816149,a57efc75b64a030eb02c4ebe7f48e45f,2,2,1.0
a2d2201f14b81eb836de9fef6d305311,e7ea4c3049b0ffcb326d8fcf44a06c05,2,2,1.0
158ff08f9b1aeebfa96820580f3877a6,b410d7fd96e7ff12af1d2f87aae875a8,2,2,1.0
6746118163577769f5bad6a82a0b0790,69333c9b0482a31b66b050c1c62f8cec,2,2,1.0
058b604a0df6b29f03c540de254b197f,5b3701e58aad8913eee15daaf03c0a9b,2,2,1.0
d8cc3231a8eda4409875bb69bb91f594,da0db337ede939840c3b01ee64616282,2,2,1.0
4fcf56f1cf3d583a0cec41f7f523a852,d8cc3231a8eda4409875bb69bb91f594,2,2,1.0
0b1ef8f1c964c96702a47c381c61f84f,5b40b6d003822b8ff229a910784fe4e5,2,2,1.0
2a532e879c1278727d9d7001890cd333,ec441c1966bfa602976763f330fc5168,2,2,1.0
237dfb57ee5ac9e68310bfd4bd816149,91da289fa4deba62c108246d150a8f4e,2,2,1.0
237dfb57ee5ac9e68310bfd4bd816149,bd6c1c99a4f6c28c98927351eb226e80,2,2,1.0
b2b114ecefe93aa93d0f2bdd14ac8f84,c6e6c968421911e3975a6f7160a1d4b6,2,2,1.0
8418b8ecfc9702b5eacddc5e75a4dcca,e301216623168d227eb0b0a3aabb1e62,2,2,1.0
3e5dd5efb71f831fffee3735c9e41e87,a4669a28dd126c93ca64ddf49a15e496,2,2,1.0
2c03431d52e6ae4479a2a2310fb2e481,5261961eeb22ad480eafeb8829cddacf,2,2,1.0
ef3e32f1b8658891add797672f995cc5,fb5e89c121d9569d1a58e0afb54da971,2,2,1.0
b0b219d68cb80e8440a7fccd3dab3851,c4ba227e9593faaf28a4ea8e5ec6c93f,2,2,1.0
59deaa85810b3c3af6536e02d782a90c,aea1ccbc3f29445178036e658e686eb1,2,2,1.0
65942a39d31e4aa627f0f65e0298ba2f,e225b3c270984a8097a136089a11aea9,2,2,1.0
0f10d99ee99ca3d0489f2f2169b41ec3,357ae7be4a22fee3a22cca59f6b681fc,2,2,1.0
1e51a6a24372a8bedea3519f13f80e91,96b482d81d31251add90a9fe63fbbcec,2,2,1.0
4e32c2752aeaa8d8b99da2b145a1c826,aebd72416330dcdb02e8d478fd81c9f6,2,2,1.0
3578707d5fbfaaad05a3862a179bf76d,a231b02134665d0d59438a0008e6e082,2,2,1.0
5dda09ed137461608be539348c1dac39,97ba9c6276256eca910e8d36e78abfa8,2,2,1.0
3c08b0cab2334cc5db8c5915ce0d74cc,c6e6c968421911e3975a6f7160a1d4b6,2,2,1.0
698a9cafcc15cac8cdbaee64adc6efbe,a4669a28dd126c93ca64ddf49a15e496,2,2,1.0
e0ec2e3c3f6e06839e8fb986be65c7c5,fb5e89c121d9569d1a58e0afb54da971,2,2,1.0
35cac0573a06f610cc8e356e0710d9b1,66a0e4ae01e565ad721e85f287a2315e,2,2,1.0
81db097ffce4bd958cfffeca7c41e301,bf257f507db19138f5bc4065313c1f87,2,2,1.0
90c312d2299d36c16bbaa3d717b3dfba,ea77749bef0ca28ab93f391cda660f71,2,2,1.0
357ae7be4a22fee3a22cca59f6b681fc,a7751ca7aa429b41cf9065a425d52aea,2,2,1.0
35cac0573a06f610cc8e356e0710d9b1,4fcf56f1cf3d583a0cec41f7f523a852,2,2,1.0
02b20b7c813efede140142ac610e36dc,0f10d99ee99ca3d0489f2f2169b41ec3,2,2,1.0
0ddba04798f1c085d0ca93af0e91f6c1,200d8b1f16d0cc9600022fdc99987a7f,2,2,1.0
eed42da7ee2f3ce26ab52758e63d855f,ef3e32f1b8658891add797672f995cc5,2,2,1.0
66d5f99377fe9807805f089baa65c715,d8cc3231a8eda4409875bb69bb91f594,2,2,1.0
af417df88fa589d65603e559ee80a22c,e1015df046a6e086818dc851b65c2392,2,2,1.0
1f17641a9f9ad86c56fa3f3401102857,66d5f99377fe9807805f089baa65c715,2,2,1.0
65942a39d31e4aa627f0f65e0298ba2f,aebd72416330dcdb02e8d478fd81c9f6,2,2,1.0
45fd1f20d58a364a552cfecccfa78935,c0fc2e3595c750de75d36e7db9399e83,2,2,1.0
3e5dd5efb71f831fffee3735c9e41e87,97ba9c6276256eca910e8d36e78abfa8,2,2,1.0
b03d35ad6272610aa766b2e1559f43c4,bf7e07e4ccc7df0889db4653d60c3f27,2,2,1.0
9f5b78334246addf67c6b0545bc7dd2b,ec8cf19822473555370553d399f7a654,2,2,1.0
0ddba04798f1c085d0ca93af0e91f6c1,bf257f507db19138f5bc4065313c1f87,2,2,1.0
7989d259bdf69447ee8e00970c3f3228,7e69734dad7cfcbe95aa59f38095057d,2,2,1.0
79a932ef36d3058a3bff9ed1a8d31b4c,e261fc64438c07bf3f12e82fe26c0682,2,2,1.0
aebd72416330dcdb02e8d478fd81c9f6,ea77749bef0ca28ab93f391cda660f71,2,2,1.0
70755e5b9df5988f592f3dec6279f1be,e5b6fb6c5e7e4adc25a5e400c0104508,2,2,1.0
7de1536dfbeaacfb971b48c2c93c16cc,d9752ac494a2b97507fd2faa478cabd9,2,2,1.0
3e5a237352ac4b53e1281b9b62efcbcc,c6e6c968421911e3975a6f7160a1d4b6,2,2,1.0
b410d7fd96e7ff12af1d2f87aae875a8,d535471db72095137da93810c98af688,2,2,1.0
b233915725d368ec61c224efb81ed915,d46f0f655659cbeb210db2a746b2554f,2,2,1.0
237dfb57ee5ac9e68310bfd4bd816149,bf257f507db19138f5bc4065313c1f87,2,2,1.0
698a9cafcc15cac8cdbaee64adc6efbe,97ba9c6276256eca910e8d36e78abfa8,2,2,1.0
210bec49b9e200df48dd3f31310d606e,aab579a39b1b5c223c2e1a4bbf8ff977,2,2,1.0
a57efc75b64a030eb02c4ebe7f48e45f,ea77749bef0ca28ab93f391cda660f71,2,2,1.0
90c312d2299d36c16bbaa3d717b3dfba,e225b3c270984a8097a136089a11aea9,2,2,1.0
45fd1f20d58a364a552cfecccfa78935,961ca706a9f7e9d6a4ba81922cde9730,2,2,1.0
961ca706a9f7e9d6a4ba81922cde9730,b2b114ecefe93aa93d0f2bdd14ac8f84,2,2,1.0
8dc10e9acb420db970e64b4c99cba7ec,be4eb163762cf164f26f81021c4a5e97,2,2,1.0
a231b02134665d0d59438a0008e6e082,e301216623168d227eb0b0a3aabb1e62,2,2,1.0
2b5c14b7e1a3d88ff7e0c46e15851f5f,7a1751f98e25f665fc0130c7b001e18f,2,2,1.0
c1e936d4c4fd02c66085ed43914d0b67,d4e365482617be6d91e1271aa793b3c2,2,2,1.0
3578707d5fbfaaad05a3862a179bf76d,87a305c45891600e0244ee26c0bf1fa9,2,2,1.0
5277f2c18bae9ff7f93aa8118ace6e03,6e6fdec52c6dbf58721bf7a4eaf5b679,2,2,1.0
6ff4f4fcdadf8410fcae5bad48d7044d,c4ba227e9593faaf28a4ea8e5ec6c93f,2,2,1.0
36cfec707344b75d20e6c7ef583c3b8c,a4aade0ce7988cd421340d39d0fba92d,2,2,1.0
03cccac05d316dc60827fa7abedd608e,a6ddea592cbc5da9970a9a9803c07347,2,2,1.0
87a305c45891600e0244ee26c0bf1fa9,e225b3c270984a8097a136089a11aea9,2,2,1.0
4f4a4c713a7892d9db23f694fc647d13,6ff4f4fcdadf8410fcae5bad48d7044d,2,2,1.0
b410d7fd96e7ff12af1d2f87aae875a8,b7741f7ec50ab6bcd52ab08ea8f214d9,2,2,1.0
2b5c14b7e1a3d88ff7e0c46e15851f5f,fda3a3eb3370c1295a4fc3f6cd3d7604,2,2,1.0
1412559410af5e92c35e053fd6acd006,f30856ad31d3e74253a3f4ccef670648,2,2,1.0
3578707d5fbfaaad05a3862a179bf76d,f64075e7fa628bdc6c3e7c3108d7c624,2,2,1.0
aebd72416330dcdb02e8d478fd81c9f6,e225b3c270984a8097a136089a11aea9,2,2,1.0
b0b219d68cb80e8440a7fccd3dab3851,be4eb163762cf164f26f81021c4a5e97,2,2,1.0
81db097ffce4bd958cfffeca7c41e301,90c312d2299d36c16bbaa3d717b3dfba,2,2,1.0
28e3b4a14a28881ebbdf5384e004d6fb,7989d259bdf69447ee8e00970c3f3228,2,2,1.0
418104937eb08a32d45ed65eb6ff56bf,cf004a37244a84e6569ae75d1efa7149,2,2,1.0
5d77cf4bfc8132075fc589f355875baa,7d834f25bc4e9c7905f9e31e1c94c51b,2,2,1.0
2708339a3f5355f56983737d54fbce59,c4ba227e9593faaf28a4ea8e5ec6c93f,2,2,1.0
399699e87adec3391203291418de34d1,4279e2fb7de9c27f439fdb82e4f1281f,2,2,1.0
66d5f99377fe9807805f089baa65c715,b2b114ecefe93aa93d0f2bdd14ac8f84,2,2,1.0
90c312d2299d36c16bbaa3d717b3dfba,aebd72416330dcdb02e8d478fd81c9f6,2,2,1.0
4e32c2752aeaa8d8b99da2b145a1c826,b84dbaedbe3ea55d7cc0894fbea73910,2,2,1.0
9a56d30e286ddea1374c143d111de34d,e1015df046a6e086818dc851b65c2392,2,2,1.0
91dda3852e8a4757ed73fc91360cfa5f,9934d9121d7b75929c14c754f1ffed75,2,2,1.0
87a305c45891600e0244ee26c0bf1fa9,aebd72416330dcdb02e8d478fd81c9f6,2,2,1.0
a231b02134665d0d59438a0008e6e082,a57efc75b64a030eb02c4ebe7f48e45f,2,2,1.0
0ddba04798f1c085d0ca93af0e91f6c1,90c312d2299d36c16bbaa3d717b3dfba,2,2,1.0
05fb25843c4048d1ce40611d11966278,e261fc64438c07bf3f12e82fe26c0682,2,2,1.0
3578707d5fbfaaad05a3862a179bf76d,cf4935767b14a8312de405de5d5bbdb5,2,2,1.0
2c03431d52e6ae4479a2a2310fb2e481,aebd72416330dcdb02e8d478fd81c9f6,2,2,1.0
78c5f76b60a3a2588635aadc70e34df7,92fc4892f11581ee802e8e2fa4296433,2,2,1.0
a57efc75b64a030eb02c4ebe7f48e45f,e225b3c270984a8097a136089a11aea9,2,2,1.0
3578707d5fbfaaad05a3862a179bf76d,a57efc75b64a030eb02c4ebe7f48e45f,2,2,1.0
6ff4f4fcdadf8410fcae5bad48d7044d,aab579a39b1b5c223c2e1a4bbf8ff977,2,2,1.0
03cccac05d316dc60827fa7abedd608e,48c1b34a2d23e13b8967caa478d9c428,2,2,1.0
65942a39d31e4aa627f0f65e0298ba2f,b84dbaedbe3ea55d7cc0894fbea73910,2,2,1.0
1f17641a9f9ad86c56fa3f3401102857,892a397bf8506b6c30355f3fc1338900,2,2,1.0
237dfb57ee5ac9e68310bfd4bd816149,90c312d2299d36c16bbaa3d717b3dfba,2,2,1.0
357ae7be4a22fee3a22cca59f6b681fc,ec441c1966bfa602976763f330fc5168,2,2,1.0
03d4c28894c1239ca5a6dd6f0c197921,7d834f25bc4e9c7905f9e31e1c94c51b,2,2,1.0
651ed17eda0600815cf614b33c535d6b,8fe4f9a0d6a47babbd498127a9109bd1,2,2,1.0
406aefddac1b54a36022ef32ffe6ed5f,623674d39fd0350df92b1f91c469ba39,2,2,1.0
65942a39d31e4aa627f0f65e0298ba2f,b0b219d68cb80e8440a7fccd3dab3851,2,2,1.0
3578707d5fbfaaad05a3862a179bf76d,91da289fa4deba62c108246d150a8f4e,2,2,1.0
3578707d5fbfaaad05a3862a179bf76d,bd6c1c99a4f6c28c98927351eb226e80,2,2,1.0
5182c0939da37d2f3acd9f2fb8b60d4f,d9752ac494a2b97507fd2faa478cabd9,2,2,1.0
4b72c220414716bd4464a30fac305adc,e261fc64438c07bf3f12e82fe26c0682,2,2,1.0
7b32049d8495d56c8b27eae575921a60,d7c6bdf20c4ec9c9cda815dde58e778a,2,2,1.0
a57efc75b64a030eb02c4ebe7f48e45f,aebd72416330dcdb02e8d478fd81c9f6,2,2,1.0
b2b114ecefe93aa93d0f2bdd14ac8f84,fc8039a2b1963ca28dffe5dc886fa5c3,2,2,1.0
210bec49b9e200df48dd3f31310d606e,8dc10e9acb420db970e64b4c99cba7ec,2,2,1.0
210bec49b9e200df48dd3f31310d606e,4e32c2752aeaa8d8b99da2b145a1c826,2,2,1.0
065938485846aa5adc196cb536de42e0,961ca706a9f7e9d6a4ba81922cde9730,2,2,1.0
8ef9add628931053f28350c0ad4bc7f7,92fc4892f11581ee802e8e2fa4296433,2,2,1.0
3e5dd5efb71f831fffee3735c9e41e87,8418b8ecfc9702b5eacddc5e75a4dcca,2,2,1.0
6e6fdec52c6dbf58721bf7a4eaf5b679,b65b4e0ccf23f096b3eb8bce350a400a,2,2,1.0
065938485846aa5adc196cb536de42e0,1f17641a9f9ad86c56fa3f3401102857,2,2,1.0
6d9cdc2c73e65c443351811fb9039bfa,e301216623168d227eb0b0a3aabb1e62,2,2,1.0
6e6fdec52c6dbf58721bf7a4eaf5b679,7a1751f98e25f665fc0130c7b001e18f,2,2,1.0
6ff4f4fcdadf8410fcae5bad48d7044d,be4eb163762cf164f26f81021c4a5e97,2,2,1.0
0ddba04798f1c085d0ca93af0e91f6c1,2c03431d52e6ae4479a2a2310fb2e481,2,2,1.0
0fa3e5721cad691b9594fb89f9805a68,b463aa86422087e97281b2787590fb0d,2,2,1.0
961ca706a9f7e9d6a4ba81922cde9730,c6e6c968421911e3975a6f7160a1d4b6,2,2,1.0
3c08b0cab2334cc5db8c5915ce0d74cc,fc8039a2b1963ca28dffe5dc886fa5c3,2,2,1.0
a4669a28dd126c93ca64ddf49a15e496,f64075e7fa628bdc6c3e7c3108d7c624,2,2,1.0
6e6fdec52c6dbf58721bf7a4eaf5b679,fda3a3eb3370c1295a4fc3f6cd3d7604,2,2,1.0
5261961eeb22ad480eafeb8829cddacf,a4669a28dd126c93ca64ddf49a15e496,2,2,1.0
46f15c2526277c2f9cfa6b239dfb11b3,e8fee231a8a4901e2b0b5a2324eb1405,2,2,1.0
c5d3ed7ec11b725a565192292bb411cc,fac47e384fef9ddc9c3cad97ed3192e0,2,2,1.0
5ebd246be48ec18bf3859966284333f8,ce87153ae6d1e210517154ec1057aad5,2,2,1.0
b4324bf24671bd5c4ebfcd2a8c639e86,c735c714dbe80672320182bb48bba3ba,2,2,1.0
698a9cafcc15cac8cdbaee64adc6efbe,8418b8ecfc9702b5eacddc5e75a4dcca,2,2,1.0
2708339a3f5355f56983737d54fbce59,be4eb163762cf164f26f81021c4a5e97,2,2,1.0
237dfb57ee5ac9e68310bfd4bd816149,2c03431d52e6ae4479a2a2310fb2e481,2,2,1.0
90c312d2299d36c16bbaa3d717b3dfba,b84dbaedbe3ea55d7cc0894fbea73910,2,2,1.0
02b20b7c813efede140142ac610e36dc,357ae7be4a22fee3a22cca59f6b681fc,2,2,1.0
a24587c47d40ff560266576b543d16d8,e261fc64438c07bf3f12e82fe26c0682,2,2,1.0
9a56d30e286ddea1374c143d111de34d,9f5b78334246addf67c6b0545bc7dd2b,2,2,1.0
df9bd60da4a8f8945d2b862aebd3d418,fda3a3eb3370c1295a4fc3f6cd3d7604,2,2,1.0
66d5f99377fe9807805f089baa65c715,c6e6c968421911e3975a6f7160a1d4b6,2,2,1.0
81db097ffce4bd958cfffeca7c41e301,d792207a143bca423ba1685b30e34557,2,2,1.0
87a305c45891600e0244ee26c0bf1fa9,b84dbaedbe3ea55d7cc0894fbea73910,2,2,1.0
210bec49b9e200df48dd3f31310d606e,2708339a3f5355f56983737d54fbce59,2,2,1.0
a4669a28dd126c93ca64ddf49a15e496,cf4935767b14a8312de405de5d5bbdb5,2,2,1.0
28e3b4a14a28881ebbdf5384e004d6fb,af417df88fa589d65603e559ee80a22c,2,2,1.0
90c312d2299d36c16bbaa3d717b3dfba,b0b219d68cb80e8440a7fccd3dab3851,2,2,1.0
a231b02134665d0d59438a0008e6e082,bf257f507db19138f5bc4065313c1f87,2,2,1.0
2c03431d52e6ae4479a2a2310fb2e481,b84dbaedbe3ea55d7cc0894fbea73910,2,2,1.0
03cccac05d316dc60827fa7abedd608e,9a56d30e286ddea1374c143d111de34d,2,2,1.0
3e5a237352ac4b53e1281b9b62efcbcc,fc8039a2b1963ca28dffe5dc886fa5c3,2,2,1.0
87a305c45891600e0244ee26c0bf1fa9,b0b219d68cb80e8440a7fccd3dab3851,2,2,1.0
2ecb8546a5c0ea3c74dfa8b77a321370,aaad6d68de5490cba508e4203ddc87de,2,2,1.0
3578707d5fbfaaad05a3862a179bf76d,bf257f507db19138f5bc4065313c1f87,2,2,1.0
3af5f7534be6d2d2d81562ee1dc98af2,d792207a143bca423ba1685b30e34557,2,2,1.0
6e6fdec52c6dbf58721bf7a4eaf5b679,7b32049d8495d56c8b27eae575921a60,2,2,1.0
05fb25843c4048d1ce40611d11966278,79a932ef36d3058a3bff9ed1a8d31b4c,2,2,1.0
aea1ccbc3f29445178036e658e686eb1,d8cc3231a8eda4409875bb69bb91f594,2,2,1.0
aebd72416330dcdb02e8d478fd81c9f6,b0b219d68cb80e8440a7fccd3dab3851,2,2,1.0
210bec49b9e200df48dd3f31310d606e,ea77749bef0ca28ab93f391cda660f71,2,2,1.0
5dda09ed137461608be539348c1dac39,a231b02134665d0d59438a0008e6e082,2,2,1.0
237dfb57ee5ac9e68310bfd4bd816149,d792207a143bca423ba1685b30e34557,2,2,1.0
28e3b4a14a28881ebbdf5384e004d6fb,e238fba997eec80e48bf8d8689877d89,2,2,1.0
a57efc75b64a030eb02c4ebe7f48e45f,b84dbaedbe3ea55d7cc0894fbea73910,2,2,1.0
750550f1fbf777d9383acb856bc593dd,96d3a3257161c32fe93aea0e38b16515,2,2,1.0
a6ddea592cbc5da9970a9a9803c07347,af417df88fa589d65603e559ee80a22c,2,2,1.0
763537fbd8173d949ea5b3da1d1461b7,c4a0997ebd5dc2e05c2afdd835a002aa,2,2,1.0
e5b6fb6c5e7e4adc25a5e400c0104508,e89bab624ed1d8c75012bf52bacc654c,2,2,1.0
a57efc75b64a030eb02c4ebe7f48e45f,b0b219d68cb80e8440a7fccd3dab3851,2,2,1.0
16d185a0b670f133ae3c1d737185cb4b,3277891bd580550e931b09b683cc4d86,2,2,1.0
651ed17eda0600815cf614b33c535d6b,a676674630bb75afa401d173d691473e,2,2,1.0
4b72c220414716bd4464a30fac305adc,79a932ef36d3058a3bff9ed1a8d31b4c,2,2,1.0
011b4adcd54683b480c4d841250a987f,cfe96f24bd8c36325e0d92e44324cf66,2,2,1.0
85189d642c11e7090cb2f72fed68ea42,aeb60b971e54df6473d586ada758ca72,2,2,1.0
55bea30cd78db302debc515e81a851d4,651ed17eda0600815cf614b33c535d6b,2,2,1.0
9a2344afe2d1a43559906bd456567a9b,ce87153ae6d1e210517154ec1057aad5,2,2,1.0
0f10d99ee99ca3d0489f2f2169b41ec3,5ebd246be48ec18bf3859966284333f8,2,2,1.0
06f289b98b5b10b7d7692548624cb616,ec99f30f38afadbfbae32d5883734ded,2,2,1.0
080a538ba865739bd97c3ffd9e71bcf0,ce87153ae6d1e210517154ec1057aad5,2,2,1.0
79a932ef36d3058a3bff9ed1a8d31b4c,a24587c47d40ff560266576b543d16d8,2,2,1.0
4e32c2752aeaa8d8b99da2b145a1c826,a8953e3d7677addada63eee79b91e7ff,2,2,1.0
7647c15a4f2e66304c91fcf86573a2a3,af417df88fa589d65603e559ee80a22c,2,2,1.0
bf021b222ddfd6549c1ae7b11a8522d8,c1e936d4c4fd02c66085ed43914d0b67,2,2,1.0
698a9cafcc15cac8cdbaee64adc6efbe,a231b02134665d0d59438a0008e6e082,2,2,1.0
210bec49b9e200df48dd3f31310d606e,e225b3c270984a8097a136089a11aea9,2,2,1.0
59deaa85810b3c3af6536e02d782a90c,d8cc3231a8eda4409875bb69bb91f594,2,2,1.0
a6ddea592cbc5da9970a9a9803c07347,e238fba997eec80e48bf8d8689877d89,2,2,1.0
0ddba04798f1c085d0ca93af0e91f6c1,aab579a39b1b5c223c2e1a4bbf8ff977,2,2,1.0
399699e87adec3391203291418de34d1,a231b02134665d0d59438a0008e6e082,2,2,1.0
200d8b1f16d0cc9600022fdc99987a7f,c4ba227e9593faaf28a4ea8e5ec6c93f,2,2,1.0
97ba9c6276256eca910e8d36e78abfa8,a4669a28dd126c93ca64ddf49a15e496,2,2,1.0
4f4a4c713a7892d9db23f694fc647d13,dfbebe96520c2a101d602c7d003764ba,2,2,1.0
3578707d5fbfaaad05a3862a179bf76d,90c312d2299d36c16bbaa3d717b3dfba,2,2,1.0
4dd4862366d29145386ec1c6ce5852f4,bd10ec3ad72914d1866c911956f9180d,2,2,1.0
4e32c2752aeaa8d8b99da2b145a1c826,81db097ffce4bd958cfffeca7c41e301,2,2,1.0
3af5f7534be6d2d2d81562ee1dc98af2,e8b4b9cf7e6a2e6e13371f3439a4a1ba,2,2,1.0
3c08b0cab2334cc5db8c5915ce0d74cc,da0db337ede939840c3b01ee64616282,2,2,1.0
48c1b34a2d23e13b8967caa478d9c428,ec8cf19822473555370553d399f7a654,2,2,1.0
aea1ccbc3f29445178036e658e686eb1,b2b114ecefe93aa93d0f2bdd14ac8f84,2,2,1.0
9f5b78334246addf67c6b0545bc7dd2b,d9752ac494a2b97507fd2faa478cabd9,2,2,1.0
65942a39d31e4aa627f0f65e0298ba2f,a8953e3d7677addada63eee79b91e7ff,2,2,1.0
7de1536dfbeaacfb971b48c2c93c16cc,c4295b913119b04f3c9d28a7bfd524f1,2,2,1.0
5dda09ed137461608be539348c1dac39,f64075e7fa628bdc6c3e7c3108d7c624,2,2,1.0
7647c15a4f2e66304c91fcf86573a2a3,e238fba997eec80e48bf8d8689877d89,2,2,1.0
4e32c2752aeaa8d8b99da2b145a1c826,65942a39d31e4aa627f0f65e0298ba2f,2,2,1.0
31110c0abf469026d27a9f6b5f4fb364,e9fb042476cdddcf08d9537a73107f17,2,2,1.0
3e5dd5efb71f831fffee3735c9e41e87,87a305c45891600e0244ee26c0bf1fa9,2,2,1.0
2a532e879c1278727d9d7001890cd333,357ae7be4a22fee3a22cca59f6b681fc,2,2,1.0
65942a39d31e4aa627f0f65e0298ba2f,81db097ffce4bd958cfffeca7c41e301,2,2,1.0
35cac0573a06f610cc8e356e0710d9b1,b2b114ecefe93aa93d0f2bdd14ac8f84,2,2,1.0
06f289b98b5b10b7d7692548624cb616,ee9d97a7d28183a3d93aefb807e48524,2,2,1.0
78c5f76b60a3a2588635aadc70e34df7,ef3e32f1b8658891add797672f995cc5,2,2,1.0
09ecbbc6902ae2add46294a42e3a59f1,e261fc64438c07bf3f12e82fe26c0682,2,2,1.0
6ecae395621d20aca9711709fedacade,d55417a83a73d1702b43988e63f0731a,2,2,1.0
200d8b1f16d0cc9600022fdc99987a7f,aab579a39b1b5c223c2e1a4bbf8ff977,2,2,1.0
8418b8ecfc9702b5eacddc5e75a4dcca,c4ba227e9593faaf28a4ea8e5ec6c93f,2,2,1.0
5dda09ed137461608be539348c1dac39,cf4935767b14a8312de405de5d5bbdb5,2,2,1.0
1175e95fb47ddff9de6b2b06188f7e0d,f4f2d85371955b0e254ce594fcf09a0d,2,2,1.0
b410d7fd96e7ff12af1d2f87aae875a8,ec441c1966bfa602976763f330fc5168,2,2,1.0
3e5a237352ac4b53e1281b9b62efcbcc,da0db337ede939840c3b01ee64616282,2,2,1.0
9b9aa67941ab5886ffebd2e42a24c537,f9a707150880ff8da844d1d097f7e44b,2,2,1.0
961ca706a9f7e9d6a4ba81922cde9730,fc8039a2b1963ca28dffe5dc886fa5c3,2,2,1.0
5d77cf4bfc8132075fc589f355875baa,b463aa86422087e97281b2787590fb0d,2,2,1.0
3ccc59a10bd8a1eb4613a41f34aeef5b,3daecf8142fdd6c03cf4825284d1bb5f,2,2,1.0
698a9cafcc15cac8cdbaee64adc6efbe,87a305c45891600e0244ee26c0bf1fa9,2,2,1.0
05fb25843c4048d1ce40611d11966278,a24587c47d40ff560266576b543d16d8,2,2,1.0
651ed17eda0600815cf614b33c535d6b,a95a7250342fa968f37ddc74a5199ae6,2,2,1.0
7989d259bdf69447ee8e00970c3f3228,7de1536dfbeaacfb971b48c2c93c16cc,2,2,1.0
5ebd246be48ec18bf3859966284333f8,9a2344afe2d1a43559906bd456567a9b,2,2,1.0
aecfcfbdbed5deaea72b8f500f5bd071,b8939dbecf0659982b0e7d21c3731f7b,2,2,1.0
698a9cafcc15cac8cdbaee64adc6efbe,f64075e7fa628bdc6c3e7c3108d7c624,2,2,1.0
c4ba227e9593faaf28a4ea8e5ec6c93f,dfbebe96520c2a101d602c7d003764ba,2,2,1.0
5261961eeb22ad480eafeb8829cddacf,8418b8ecfc9702b5eacddc5e75a4dcca,2,2,1.0
5e6ff5789e4d6b6d6f2a801e4da72e7a,9cb94124fb0fda10d04fccc5477573b6,2,2,1.0
81db097ffce4bd958cfffeca7c41e301,8dc10e9acb420db970e64b4c99cba7ec,2,2,1.0
3e5dd5efb71f831fffee3735c9e41e87,a57efc75b64a030eb02c4ebe7f48e45f,2,2,1.0
4d1fe8b6f5e9ee044a14467c8b2832b6,750550f1fbf777d9383acb856bc593dd,2,2,1.0
65942a39d31e4aa627f0f65e0298ba2f,6d9cdc2c73e65c443351811fb9039bfa,2,2,1.0
318dd674b6e789249337a1edca1b0cc1,7e69734dad7cfcbe95aa59f38095057d,2,2,1.0
3fdd5f758dedbccffc537354946aa3b6,aaad6d68de5490cba508e4203ddc87de,2,2,1.0
66d5f99377fe9807805f089baa65c715,fc8039a2b1963ca28dffe5dc886fa5c3,2,2,1.0
7de1536dfbeaacfb971b48c2c93c16cc,a6ddea592cbc5da9970a9a9803c07347,2,2,1.0
46f15c2526277c2f9cfa6b239dfb11b3,5277f2c18bae9ff7f93aa8118ace6e03,2,2,1.0
90c312d2299d36c16bbaa3d717b3dfba,a8953e3d7677addada63eee79b91e7ff,2,2,1.0
8418b8ecfc9702b5eacddc5e75a4dcca,aab579a39b1b5c223c2e1a4bbf8ff977,2,2,1.0
0ddba04798f1c085d0ca93af0e91f6c1,8dc10e9acb420db970e64b4c99cba7ec,2,2,1.0
06f289b98b5b10b7d7692548624cb616,eed42da7ee2f3ce26ab52758e63d855f,2,2,1.0
0ddba04798f1c085d0ca93af0e91f6c1,4e32c2752aeaa8d8b99da2b145a1c826,2,2,1.0
0d60ae009e0cfd8b0c96aa47625f20a4,763537fbd8173d949ea5b3da1d1461b7,2,2,1.0
87a305c45891600e0244ee26c0bf1fa9,a8953e3d7677addada63eee79b91e7ff,2,2,1.0
4b72c220414716bd4464a30fac305adc,a24587c47d40ff560266576b543d16d8,2,2,1.0
698a9cafcc15cac8cdbaee64adc6efbe,cf4935767b14a8312de405de5d5bbdb5,2,2,1.0
03d4c28894c1239ca5a6dd6f0c197921,b463aa86422087e97281b2787590fb0d,2,2,1.0
8b88f64495d95d12a12c0d71534d0faa,ae4040757eb5b3be43a7c0ea27260d50,2,2,1.0
3e5dd5efb71f831fffee3735c9e41e87,91da289fa4deba62c108246d150a8f4e,2,2,1.0
200d8b1f16d0cc9600022fdc99987a7f,be4eb163762cf164f26f81021c4a5e97,2,2,1.0
399699e87adec3391203291418de34d1,cf4935767b14a8312de405de5d5bbdb5,2,2,1.0
83bf39384884016d6218c5cee2dca7e7,86618766c9dacd2ccd49fb6492ddcbbf,2,2,1.0
3e5dd5efb71f831fffee3735c9e41e87,bd6c1c99a4f6c28c98927351eb226e80,2,2,1.0
698a9cafcc15cac8cdbaee64adc6efbe,a57efc75b64a030eb02c4ebe7f48e45f,2,2,1.0
2c03431d52e6ae4479a2a2310fb2e481,a8953e3d7677addada63eee79b91e7ff,2,2,1.0
399699e87adec3391203291418de34d1,dfbebe96520c2a101d602c7d003764ba,2,2,1.0
96d3a3257161c32fe93aea0e38b16515,e6f18fab493c0bdc553eafd9b66cb5f2,2,2,1.0
1e6b20395bc9690fe6735e6b6e0d2791,c4295b913119b04f3c9d28a7bfd524f1,2,2,1.0
237dfb57ee5ac9e68310bfd4bd816149,8dc10e9acb420db970e64b4c99cba7ec,2,2,1.0
237dfb57ee5ac9e68310bfd4bd816149,4e32c2752aeaa8d8b99da2b145a1c826,2,2,1.0
3578707d5fbfaaad05a3862a179bf76d,d792207a143bca423ba1685b30e34557,2,2,1.0
5182c0939da37d2f3acd9f2fb8b60d4f,c4295b913119b04f3c9d28a7bfd524f1,2,2,1.0
aab579a39b1b5c223c2e1a4bbf8ff977,c4ba227e9593faaf28a4ea8e5ec6c93f,2,2,1.0
aea1ccbc3f29445178036e658e686eb1,c6e6c968421911e3975a6f7160a1d4b6,2,2,1.0
080a538ba865739bd97c3ffd9e71bcf0,5e6ff5789e4d6b6d6f2a801e4da72e7a,2,2,1.0
2c03431d52e6ae4479a2a2310fb2e481,81db097ffce4bd958cfffeca7c41e301,2,2,1.0
3af5f7534be6d2d2d81562ee1dc98af2,5261961eeb22ad480eafeb8829cddacf,2,2,1.0
698a9cafcc15cac8cdbaee64adc6efbe,91da289fa4deba62c108246d150a8f4e,2,2,1.0
92fc4892f11581ee802e8e2fa4296433,eed42da7ee2f3ce26ab52758e63d855f,2,2,1.0
698a9cafcc15cac8cdbaee64adc6efbe,bd6c1c99a4f6c28c98927351eb226e80,2,2,1.0
21b318668bb97ce15c5bb21e0275060f,b913e12201852f1b7b0a3a3378447a0a,2,2,1.0
210bec49b9e200df48dd3f31310d606e,698a9cafcc15cac8cdbaee64adc6efbe,2,2,1.0
39ae2ab725be4a0db66896735a49dac7,ef3e32f1b8658891add797672f995cc5,2,2,1.0
a57efc75b64a030eb02c4ebe7f48e45f,a8953e3d7677addada63eee79b91e7ff,2,2,1.0
88a830a14a479075c655c2f9d3ba3934,a3c776e946f1056964f85942ce783c40,2,2,1.0
210bec49b9e200df48dd3f31310d606e,b0b219d68cb80e8440a7fccd3dab3851,2,2,1.0
0ddba04798f1c085d0ca93af0e91f6c1,2708339a3f5355f56983737d54fbce59,2,2,1.0
6777d4af8d5920d859e894ea694b04cb,e6daf89ad5d70394292f763272af2362,2,2,1.0
